Hour,Month,Market Demand,Ontario Demand,HOEP,toronto_temp,toronto_humidity,orillia_temp,orillia_humidity,oshawa_temp,oshawa_humidity,mississauga_temp,mississauga_humidity,pickering_temp,pickering_humidity,brampton_temp,brampton_humidity,sarnia_temp,sarnia_humidity,guelph_temp,guelph_humidity,ottawa_temp,ottawa_humidity,burlington_temp,burlington_humidity,thunderbay_temp,thunderbay_humidity,kingston_temp,kingston_humidity,vaughan_temp,vaughan_humidity,markham_temp,markham_humidity,london_temp,london_humidity,brantford_temp,brantford_humidity,peterborough_temp,peterborough_humidity,niagarafalls_temp,niagarafalls_humidity,barrie_temp,barrie_humidity,brockville_temp,brockville_humidity,hamilton_temp,hamilton_humidity,cornwall_temp,cornwall_humidity,Day,DayOfWeek
19.0,12.0,17364.240868573277,12498.362094955795,61.972224410045186,12.294368922954868,83.20824406394436,3.9688313018252153,108.50411975562582,23.557582069967914,74.06469046949357,6.661385638653451,99.52264251182302,-8.572828242161814,95.39967071541491,-10.453725011936635,69.8458069014311,8.000319363610158,104.30063867650077,12.641293006216458,56.732337419655266,3.4823406364250937,56.69663567029163,-2.148715860112617,66.61996325221124,-6.795805941919408,82.12577924810468,-3.9782032636733256,72.6136780622637,18.154485608854316,102.11958010208787,16.60037111646036,81.78362770798216,19.241237393455457,107.3466519998792,11.194046591096708,74.31865364921141,2.270516649371344,69.68253912544488,-13.273123875528913,99.39265438922689,7.1464158697271225,108.5125479110333,-18.783783103751055,120.43725711344642,11.224670641282291,72.54620016180114,13.752274066809402,55.44071960685815,31.22280569981913,-0.15253857625484013
23.0,9.0,17167.886981370648,12272.926276195627,50.137519047468174,13.222448533035175,79.87931346541201,4.518460753270377,103.97588843252423,19.60275885109054,70.84175516501608,8.176071288252972,92.0314431563145,-4.441215685692958,88.7315507501934,-7.564538971442753,73.97812581624717,8.647774948502962,98.46247884334801,14.311862538937927,65.73416340015866,3.5005420182274314,61.96975565795299,1.4415726601312446,69.10396881316474,-4.832378659791953,83.32669646195538,-1.5157622107032065,71.70181577434796,14.733629640407553,95.38257796914154,16.90766712632953,77.67134061273373,15.75619783432207,103.77367911441357,11.582135505820617,76.7147453241237,4.225590004856559,69.40428431071649,-6.129072344256908,96.9037366924926,7.204395757593827,101.33896361233776,-13.331898965564125,116.34125885969868,9.815985762345523,74.74740788036982,12.287118938892108,56.13787837520411,28.28916963808964,0.04145646765400235
17.0,3.0,17442.91718848882,13161.736537179193,50.034977432873056,14.928972659299207,77.98814379768196,4.590289324925292,95.60336595810513,18.64635186779524,75.73930063719821,6.054913303266994,89.39237048079238,-1.4388729634140827,87.3716243995985,-3.2464609443193453,67.41842129119982,6.4964561911602905,94.55814407166095,9.942473628634419,61.91243291748545,5.168587221891849,59.203724045879774,3.234346585721908,68.08535780098568,-3.1975137175933646,79.89539397679702,0.47125601398766914,72.48777306753071,15.061195417527987,91.30398513840063,16.37570194594513,80.42984456747702,14.076733596064152,96.69838455183555,12.316495930880745,75.43407393509291,5.6219707946856,70.86563526706843,-3.765955846316313,93.04664117472328,9.290142229606339,95.03428877100293,-6.160045633104498,103.27363783479586,9.066037667978412,72.75686486673855,9.730553606899011,61.310584063999094,26.343734219259062,1.0357152529183444
19.0,11.0,17364.59897210416,12616.91394081428,52.63253664512611,12.369353599408608,77.44186517186482,5.099453336006125,102.42432010411952,18.292600904699697,73.44630861640577,6.808942385750821,94.43169529105802,-3.674262169473362,89.1517250106362,-7.795998973798335,72.12902548207153,8.170276134169258,95.17550403604685,12.51243017518572,63.308668041174194,3.0603237640695546,60.66320053796493,2.2312456311438824,68.54792692793507,-5.241367197084434,80.8652224498671,-0.014041894013343992,72.62754651422428,15.244383370913422,95.39112558311935,16.080777589028393,76.95377287151155,17.166214868573988,102.05185515239809,11.779258317274302,76.18151560508016,5.935675460465272,69.99507270628538,-6.784893250601133,96.76798991074521,7.835779843185142,99.33633201522801,-12.396629773855778,114.3575325854095,10.54498709942346,75.89567886182732,10.957516131162615,57.93699550893679,28.268161282559056,0.33509889607113275
15.0,4.0,16938.63637880135,11267.278106685193,62.346912938521086,12.602262601519444,83.70732537827087,4.016500871622664,114.63299184348918,23.12342427354414,69.01800040871557,6.030542100129573,99.34863287187355,-8.08291368937031,100.99298488640065,-15.023882644150449,75.66923719693187,9.44003766968224,106.86730562711223,13.936278037155125,57.9550355907075,2.774183849770341,58.72653440762558,-1.4325812044159232,69.82723205370313,-9.442693615082604,85.3176553029394,-4.245384347533035,73.70171293858876,18.39637906837357,106.07753079423979,16.0123569845809,81.12759467287474,17.380033636875282,114.35612217702861,11.266677831314992,79.28281735528662,2.896362635948744,70.67450745763837,-14.898916110955458,104.2934341358696,7.840828051855232,112.01575443621519,-23.390256632123208,129.21599299009344,10.914880811021042,76.32203450610788,15.85884773683997,53.83649979708342,33.36767255002451,-0.9470339028361989
2.0,1.0,17507.874179494112,13819.303849103031,46.594505277003975,13.118918985755194,77.2110533147757,5.163911167903937,90.8141846103933,16.75208046845515,75.55556028416312,7.117977245469792,85.3388184304574,0.1719086775089238,85.90659859514433,-0.6221875741057854,67.42885647736905,6.696244556833687,89.85194362500079,9.744791455931496,65.5030927496357,5.500477917843748,61.904761125926996,4.4907385760571366,70.2500022899779,-1.8278853919278624,78.63556253311202,0.7788037888331782,72.82065930773842,13.854185283668565,87.83016978162527,14.903076652826801,78.56596327868272,13.220108198813422,91.86267252049785,11.044271797339645,77.1098406460909,6.514770831895933,72.56009117100102,-1.2559029090900484,88.37046102512652,8.337615356116265,90.88128409922767,-4.5079671841894315,99.30226232943787,8.831622827708424,72.0171108314498,9.300271891667759,63.57476122424339,24.07751898600169,1.3629871194616792
15.0,12.0,17277.620488661978,11809.523164596065,62.8602355654628,11.57290985569513,81.52957821039327,2.0705230851540906,115.0420130486191,22.19959325646109,70.75858926377364,5.406592164068259,101.22769555858616,-8.751735366004551,96.64812258655631,-12.455675347368492,73.50346833190991,7.63652564553543,105.56253192853708,14.419806111071686,59.190601558925025,1.3291194300685705,55.75594033167293,-1.5807626901554865,69.22809629735903,-8.195296503343704,82.7606105522347,-3.9588996341018525,71.95716278799635,17.40315339051231,105.11880439601129,15.668235686689275,80.21536895570043,18.053744449333063,112.29028481843554,11.634758747449673,75.13465657281837,2.145148055157364,70.41162796447469,-15.571716361433388,101.93390384825457,6.729725605700188,111.11365159003606,-22.89778297713089,125.8435955394092,11.73182227834393,75.00799974686686,14.40566108108938,55.45823417108268,33.6454923654258,-0.49175439280006605
10.0,12.0,17234.78488547884,12661.926765781694,46.49149211785625,12.10430644210437,77.2887315211577,5.510950543460722,99.7630505698713,17.254257145601528,71.71266953385322,8.012328113837789,88.49661320132059,-2.4979687047915107,88.66097200165429,-5.8211680120241684,73.58546644800967,8.673127000677804,93.88931394597213,13.45478416616734,65.25947504730152,3.519695513823212,64.38047002972921,3.874312290109879,69.94620597181975,-4.403678722049417,80.39469672613151,0.7313642208941937,73.13623867069154,13.435097411456947,93.0945033334095,15.187758319674845,75.46720600110156,15.048867962712606,100.30797545350786,11.057164888955906,77.93658415712926,5.935446914156321,71.17687745492552,-4.377943498918322,94.20191800282318,8.205795455592364,98.03694302031201,-11.78704104439867,111.85346036944858,9.515820533303124,76.17711842835826,11.251598075121386,59.448538661276274,27.0845520848763,0.43236632027235
14.0,2.0,17329.433888302512,13468.868745768606,43.1214520981334,12.998880177015035,75.71652540013997,5.567157882602817,93.53995648228391,17.09273174273691,72.47985147172838,6.854446168220357,85.88656562132752,0.17765935120521625,89.02479027300237,-2.784171592351404,69.97933168535029,7.962177099370854,90.88809902164263,10.468088281907873,64.8371188311612,6.416112005510126,62.735328417282794,4.256455251404998,69.17967622251652,-3.151422071515332,78.78422550378534,2.3353229544147878,73.38178642537873,14.253368217165397,88.59753351573495,14.094494076783118,77.57902585423341,13.643021864730741,92.35487405575067,11.011566321063476,76.9854957971503,6.371087822585808,72.0443315542483,-1.7792398532865992,90.81136506426111,8.810838659328361,93.76144777462626,-6.541975136310337,101.9964538013731,8.284339437625762,74.08049528964558,9.44449162078038,62.903351282624996,24.881946358028397,1.258027600546956
12.0,12.0,17433.825001102658,12184.886770666199,51.18899189507009,16.78797438675172,83.92532252445261,5.717507459699228,100.07576494695432,22.031548659660917,72.9069438851537,7.286632623718482,94.20351827252014,-5.070249824163675,87.10795028965426,-4.472248799451455,70.69473311707716,5.252308223535007,97.39601248363576,13.380394477005703,63.3656288287736,4.237728429901446,58.44662515717126,-0.10973578214268898,68.01064387457727,-1.9449426840353294,85.77277140794529,-3.5054700293173813,72.28147936247095,15.4070837489331,94.15178912640785,19.54937505955096,81.17540385596979,17.214522581962704,103.1866688817392,12.02763165245836,76.51041628771115,7.572514326696574,69.08705810109791,-4.088753713787989,99.31407493736644,7.90854816438463,99.6228300710049,-10.923920167377847,114.43139180325497,9.77485456229725,70.13857927025363,10.058147633420699,56.33002435231023,26.538431373331193,0.2786909969732889
2.0,4.0,17104.28328158571,12567.040077848946,53.880916062073716,12.410708032838066,81.98348021360795,4.276643202212851,100.41330773406416,19.268330590400236,72.10538957228631,7.24281270365883,92.4958426422688,-5.209421031689352,91.51617930559298,-7.971821824929654,72.53412246271445,7.704731313681028,97.15591869605348,12.877735084290496,60.68113159637698,4.226298323867181,61.62453250569352,2.575095155057756,69.02515707930415,-4.801648379669311,81.81798120868096,-1.9506373927423706,73.87696390462558,14.91551647085879,96.02757652785247,15.817178895605068,77.93509986644615,15.939084610717526,102.13310472375896,11.483327180262924,77.5470644908484,5.620797692102015,72.90969668397689,-7.6755099369747946,95.54922580587501,7.612617178883,100.71150136084923,-13.523185671562267,114.03818212120304,9.969301288582075,73.51730251795355,11.258222552366426,59.28417974908071,27.398565198433218,0.1892065894626147
11.0,3.0,17474.542246313737,13438.706405702449,45.46247174817303,13.449959121550066,77.99833592510112,4.936326682432581,93.87097825807706,18.177165422179,74.53287405890599,6.5963228076741025,86.30377392332271,-1.1709859080912963,87.03112895331371,-2.8863725906329893,68.18866891711569,7.753335628574354,93.75744223774974,10.817833173818867,63.724806650829194,6.168455985582881,62.543179088896544,3.946844826999005,67.59602251829169,-2.311401953836897,77.54650404431409,1.457038402067254,73.12154767739301,14.70717589211445,91.08733437522096,14.912001105092205,78.27507424965441,13.777752903863302,94.3002288107244,11.787170175917684,75.04201239320211,5.0802965303512,71.77803324784398,-2.80791012737628,90.64002866272827,8.445131354288808,93.2587198540453,-5.915049440217508,101.44449143339583,8.351460343352638,73.27751426171491,10.235142951462606,62.45434883714081,25.281982297467795,1.1208554513214375
0.0,8.0,17237.986994559174,11920.044487249233,62.79255732680616,12.123043226504365,82.53011730001869,3.9034803376148943,106.46589010975705,20.19570802833549,70.2907344842913,5.360130487978134,97.46550967427733,-7.95797075327677,97.79641546326107,-11.79344949031111,73.38281315136793,6.865589017188974,102.93712412172874,13.987295323341208,56.88734394251038,2.516623758742318,59.09530635175475,0.8278760868576125,67.82635898236714,-8.125975235267875,83.30089139057606,-2.471890719217523,72.5154971945788,16.450709640361914,101.58818794832607,16.354278079403795,79.04660923416489,17.362374657762153,107.68254667250608,11.970189239354905,75.24032964035234,4.207312747623561,70.91969689932155,-14.117438040709647,100.282779284875,8.289860461637746,109.23512255767542,-22.233282982740707,124.64845405011371,11.293711583700496,73.6003005182711,13.554689011183122,56.09641698458628,30.677511807980252,-0.16891479365703388
14.0,9.0,17131.950353016677,11584.097294520827,60.361509385852216,13.98300888643655,82.07948841988802,4.471988926579792,115.2513764049886,24.598201061949062,73.39228624743909,5.3772136042636625,99.87579257811012,-8.81968004032286,101.607744168542,-14.378838483672821,70.58295417656159,9.963140478910578,109.47429446635084,13.075684614050378,57.17649376903839,3.832147462928882,57.59936829108426,-2.6953273125497255,67.00507922365287,-10.48439214097307,85.76115240546464,-4.56849883067372,72.78314906021181,19.661803884639507,106.84551955150596,16.88801661050883,83.55844838542457,18.47775654695124,113.80017268622515,11.672823491611254,76.83230123989784,1.877900898549143,68.43506009501428,-15.417382137107754,104.23366470682919,10.256482445300747,112.95524204482021,-23.376537489230326,128.65567431842598,11.231704237727836,75.19546947224578,17.466519970555325,51.62912849981552,33.873245519529675,-0.8023715486414624
3.0,10.0,17562.364316824696,13773.961612123478,39.34266895020627,10.663837799399134,77.2309928129516,4.339194608100469,92.09471341121052,16.28430200870127,74.29487169071814,7.061968786018092,85.0346732974577,0.6867998154398318,85.83013854910254,-2.229728597917763,69.61349130981125,8.84622577191598,87.57978902063131,10.641504408628347,66.08446902589063,7.134527831963782,65.51829163519163,5.0821392933509175,69.74420809630892,-2.1473377949634256,75.01409691072415,2.1372505047347703,73.92761179108052,12.19696584145433,89.09593352656287,11.287540265948442,75.37276733566121,13.523785600008965,90.64923884487588,10.291252311710803,76.40368227019943,5.755359718538872,74.0347273807331,0.29505499574603,86.4479168215236,6.800908572867993,88.34818215010432,-5.157708622574579,96.57838921554247,8.891507509592609,74.98066834473522,9.203221821993708,66.47552137330428,23.170844025253153,1.5361480247293602
10.0,10.0,17682.536887691305,13050.640954323655,47.783920366719926,13.659331588776281,80.76942218208266,4.235380724985503,95.96016774170124,18.121820995309918,75.47406098010528,7.116367155068172,89.18575624565412,-0.8137969300211338,86.23442663142336,-2.063123983571389,68.59425605240843,5.696968051560467,89.83442450527647,11.565870420592512,65.81541959324552,4.959705088099971,59.62717387666002,3.814475379058516,71.00542102787398,-2.8162693878118836,80.15131139285943,-0.3264643951152859,72.56916825795301,13.20077888786452,89.52157324034353,14.917876948449427,79.302960100846,14.813121302930004,97.81355790363466,11.189104611210395,76.92555577196998,7.47156854397199,73.17302055694644,-2.0081554710703244,91.54001787971274,7.8782530221001075,92.81303252049476,-6.226691580649573,103.23082058741828,9.11585326531346,71.80582210588317,9.530144424436768,61.84959972252202,25.097523857473547,0.8414562727716981
8.0,3.0,17430.583456109507,13141.446470616083,43.10186753872317,12.476209415556813,77.92471976148562,5.9386356268229425,94.09969142731812,16.7836304504689,74.674119891992,6.693393387133131,85.03139813186318,0.23853893056159592,88.65202662337738,-2.163937023538187,70.39712312409462,7.948313369255512,91.77869669614407,11.019309527434682,65.53580983083432,6.340378208752789,63.36225630131601,4.296159180442722,68.969679919659,-2.8320753434458026,78.62515513932696,1.6314564850549544,74.70014110294808,14.09052737326382,89.19245948450943,13.98053185936508,79.80314742606585,13.47846987617811,95.23903418234276,10.521229305117151,77.53207919136523,6.2443231786093545,73.93395753088824,-1.6614287491447328,90.50205432640253,8.576044827332932,93.240990916224,-6.762512509301815,100.81507362589812,8.964183736423935,73.31161645050516,10.361252435507797,64.17753692874001,24.910258637385184,1.1383093685879377
6.0,5.0,17584.023721967016,13049.67620823777,47.14514756318893,13.43908134100398,78.09010183706263,4.6482924372614,97.71219942071838,18.363411236769938,73.49453686504688,7.369964961974679,88.5894330487026,-0.5111257840035197,88.85826405183766,-3.570074589140626,69.65469015091988,6.6875134083661365,92.6298108260678,12.272135539153322,64.73448453819216,6.40456124430489,61.02746792158524,3.682326301674829,70.3820128845234,-3.2985125663802104,78.76674701391605,-0.32875888170280376,71.78591532254549,13.39980486403206,91.30954699986742,14.429222267969221,78.05888623373001,15.225215238749461,96.1572369284269,10.010468631341276,75.678778229502,5.57942555039299,72.4775991184862,-3.860489221295527,91.45119956194083,7.958999621712844,95.69106497224323,-7.3051999480728105,104.05564947827193,9.25538020132272,72.41510422458657,10.236925604922375,61.33217730215094,26.54118044392804,0.7047151080357583
11.0,3.0,17334.423468629728,12042.87122775182,62.80789025500438,12.884637040871077,84.14666223907552,2.915525882395305,106.78912734191664,21.73167477244867,73.19546425209181,5.786821255285348,99.85204226595982,-8.224267210455329,93.70403680962053,-11.423910485371293,72.17336787450401,6.798322593392143,102.02387034122252,12.285071042118258,55.6411153014368,3.280096861711244,56.027801908807064,-0.5142892881815531,68.32160966656294,-9.074322760627602,82.94482228310278,-4.053545741271076,71.89342957547073,16.660426520963156,101.1505492680363,17.003141926980195,81.13230189052172,17.66650863404207,108.1338955212382,11.907779111976435,73.85722797439757,3.4527895899765397,71.21923745182112,-12.484849058973534,99.68407766669257,7.522358728556708,107.52551989900546,-18.423968536934147,118.65630307222443,11.769017975591371,74.09405803106523,12.045279375940996,55.05807802124474,29.91895928922257,-0.1294432008855484
9.0,7.0,17531.348791582604,12747.821777003912,46.28699252167783,12.741828795562327,81.9087896894669,5.19670647480776,99.19173061290664,20.41618622513715,72.47008683326523,7.177735020350383,91.50342968068689,-2.7828406381477127,89.31552195376688,-6.545378024415109,71.1308592790251,7.908739721279112,96.07768713328143,13.782993324499566,63.19988894247453,6.037602011234713,61.88483779308345,2.8703923016368194,69.56385681996953,-3.2149878280482462,79.66629635092524,-1.5549305613180522,75.11459374819734,15.233551011401467,94.03288691714636,14.903068998922627,79.2975724665626,15.941492300574632,99.21403778513263,9.97685088727316,77.55427887251366,6.178348459401777,73.36720629267961,-4.904513530618797,93.5395852039021,7.313536458865101,96.59507298824394,-9.480717958768757,109.14730996557748,9.217677735436823,71.59343364103019,10.780418071718072,59.86090556094025,26.77247171484587,0.2534347331471114
11.0,9.0,17290.040959963277,11571.919275108987,71.68096729208426,13.839650941738782,87.64770907031935,5.028726075422069,109.23265077258051,25.254038553650993,72.97804132630831,6.438657989745196,103.92212231129999,-10.019050406194173,97.84220079748565,-11.128804172522491,70.28258921987873,2.287678245973926,103.7548918396987,12.669073939011932,56.60848328931428,2.3649226038011015,52.76318510884924,-1.6830914879972454,70.84643581804329,-8.775027102541808,87.09912497324183,-7.142276183888399,72.0288376708901,17.55075269703167,101.99568193070397,18.48225419826585,85.65942345787747,20.313686997161355,112.98558495977497,10.906981602497147,77.60713690674076,5.916956974816218,71.29063703734022,-16.07565478060639,104.16311036531252,6.936665462725644,113.1137324312811,-20.553827308356215,125.42785608379947,11.52216512754761,70.424127703248,14.10363019703194,55.152830275406465,32.735602461047975,-0.7328649188412446
22.0,1.0,17554.55577174835,12952.756948703278,42.43706315681681,13.162977848779668,76.99293872423993,4.813198623729699,97.13205842876647,18.49039065470655,74.63813555040474,6.032922389882966,87.27954655182167,-0.33763250130888167,89.0568794204467,-4.549794278581466,69.15503805064994,8.547587765357767,94.04828328047941,11.048920588781515,62.642994821469145,6.554321090819938,61.87456565917601,3.0779867703266506,67.6011358810809,-3.5287647305866066,76.53757765566675,1.4454156070298838,73.15842872418924,14.002867430460581,92.51484714489207,14.098427300385111,78.46426794976355,14.385638975987831,97.21697193992819,10.922063094408461,75.63154614900735,4.7962723440257555,71.22643706383028,-2.83381239232833,91.79230322036548,8.234458321581611,95.31026002316477,-6.938879682097309,102.35158496282702,8.459907470992444,73.6986688155483,10.030644661175456,62.993346915172665,26.832955465030906,0.7736420804023179
1.0,2.0,17514.768467542468,12914.549853285305,44.88601819541189,12.979246703647327,81.79262496826979,5.208289089896531,95.62434454310392,18.923630227536314,74.47205961773555,5.5921529202905305,89.5933616845108,-2.3868791364701565,88.13403380917231,-4.761416792059757,70.5539810373935,8.747985715466973,96.05653928959586,13.159556566832102,61.01017518140094,6.450985794151648,63.56304920029331,3.050815140719469,66.67953123722485,-2.0163944349085194,76.13885467356351,-0.5397494536000949,74.21094841350279,14.37819754260423,91.96195926230268,14.628582921194521,79.3768291965562,14.100732243098097,97.95027503334978,10.710489609318449,77.50544468197522,5.311158164418976,71.97261282822586,-3.8548094052932793,91.12691295493909,8.173640504529711,94.43809302154959,-8.827987340352124,105.86007932998876,9.43387804592052,73.0542348707859,10.695642355193659,61.424213370442956,25.882635336134832,0.6572142217225418
4.0,10.0,17228.95811219095,12697.165007805032,51.94936908150315,11.990384181553882,79.46331330838042,6.5157293596842045,100.4934630654166,19.53123162062751,72.06658092854867,6.962711160296345,93.07010264074702,-5.276227444293088,94.59435993699255,-6.85587330875787,70.67982304570563,7.858291286067433,95.7376014204501,12.397032001515218,60.0078121872609,4.759444124091539,60.35928736588593,2.1568018150114323,70.41892969491826,-6.908140695276941,83.06585207787168,-1.7274590288267273,75.24795444764334,15.278238945771857,94.76386416803825,14.704371291551059,81.11732559507347,16.539625062309703,101.37595385266738,10.040184358003273,79.56983468552562,6.286125265639005,73.36806868612237,-8.898478502305398,96.40875238102296,7.11797077521185,102.94573053456718,-15.826663901544755,114.74074374615361,9.728020493814242,74.13574027935337,12.023327323407283,58.85043936740321,28.257872203829017,0.51868015196434
22.0,1.0,17258.621886154953,13521.221765748114,42.81868957440686,13.218285963790075,75.71627519260312,5.741341150691785,92.88179631830278,16.21508485586758,73.94491565003301,6.788191397027827,84.58123800789338,0.7985488528497875,86.4820439833685,-0.8893754253489643,70.2166854482726,7.914783025471338,90.22871020173882,9.944783855240349,64.16337738868451,5.813722991231585,64.06832557452668,5.179523264121116,69.43648480652097,-1.3151096963876143,78.21022900838915,2.1228443835560595,73.62280441695337,13.773578310850738,88.16746268339392,14.796533129218647,76.53094450650504,13.318231099417577,91.2525527530463,11.208619421641433,77.24437150089751,6.586182263977415,71.98076821385949,-0.8305377822761901,89.41309652918956,8.746785909299064,91.4524105778063,-5.61995603324666,99.07517288959318,8.240370173085655,74.74201828108143,8.885829115513387,64.64117733059805,24.006024263739047,1.370034169282975
7.0,6.0,17524.593767878312,13121.716846637382,42.9602824216843,12.145785896238099,77.29888330899439,5.6261306165365355,96.72963720572304,17.560594087991298,73.65395260872185,7.427565068825933,86.18296963951386,-0.5276434843264184,87.53910311336902,-3.2787012704799494,72.43923789252585,8.721351011678735,91.664182305352,12.401261312170352,65.49974708016939,6.357413652278485,64.02605303386198,3.813230015203456,71.10166807699758,-1.807039495235315,77.26088902442086,-0.21734382035836042,75.1773218244215,14.178275024810215,90.91366028874347,13.485573894417698,76.8345480137934,14.756906950757248,95.26580766139809,9.922232579016082,77.14899715376296,6.098205565745301,73.7062538028762,-1.944222480452428,90.80443598962137,6.628237051547625,91.22167773112747,-7.524094243461096,102.14936583036187,9.316504985293745,75.18571755291238,10.136828081047685,62.53715624640386,25.46353322806362,0.8931830025740952
18.0,10.0,17298.057028998483,13270.588138878216,47.2616094048841,13.46813739309103,78.47471882018732,5.02504550190133,98.32356940358983,19.236934183379727,71.07601431142821,8.082840280684273,87.92862983762375,-2.544200585213215,90.37600963334742,-2.8009602734535033,71.43743857391894,7.181426995139807,92.5577927196429,12.055182237080684,64.87241031585961,5.335135116412969,60.57649998882286,2.8136261672271026,71.31111254185994,-3.7579842994106154,82.78629065824316,-0.7294361243561411,74.59643282135653,15.08288849351397,91.36014853676569,14.918471009165604,78.86416043688824,15.235169351637076,97.22174811822165,10.230603361199734,76.1112891082474,6.447520783563461,74.04368748381492,-3.771800947969421,93.56032905950212,7.347995681196431,97.14910032089047,-10.236783448440963,106.50358305088812,8.608023855219725,73.59591558969066,11.077908867267457,61.28653724856285,25.940529503788177,0.8433019173134486
23.0,8.0,17375.339935502234,12082.54907042533,55.68335066553373,17.100424955738315,79.238172481708,5.504783521221089,102.91806312536588,22.548959588972437,75.30434552445216,5.061888538353265,96.18257410350778,-4.389419615495321,91.00343526599217,-7.416016986166452,68.61330914889656,6.216641331089185,99.57139039196619,11.452375305899912,57.85756698607244,5.15599131432651,55.80893457206662,0.5475563320995445,66.86750559760439,-3.770310529377278,80.44873286328955,-2.5218278602164528,71.961918918728,17.34036184398301,96.63147981402484,19.20601856331475,81.3562645688377,16.492914715009373,103.81071007915133,13.580162565798588,76.21759969700051,6.187142487013465,67.22574060118829,-7.420990069276176,99.86476191230557,10.888448194460013,101.3338956631855,-11.590630822766247,113.78307674777498,10.088328192263075,72.58187129527256,10.338282341847616,56.01523467196614,30.0641899607688,0.24401416630845674
3.0,2.0,17367.026322839614,12702.173894315109,55.02022181283684,11.475951566372574,82.28061442929976,3.1913534810824293,100.3873401706829,18.78408476162376,70.76776958669497,7.2783283764164635,92.94534405660079,-4.182419882805883,93.02224493328009,-8.1031451395358,72.68354104212706,6.765748164595833,96.91583626301815,11.842795426245107,60.6165583820354,2.9087739408879236,60.29036247128156,2.2489221119371514,70.64544175079517,-6.2040721762222315,81.73986841007284,-0.5498464964215373,73.33061155317797,14.535756737453617,96.82037405898852,13.755254792229977,78.71553061895214,14.41822847772546,103.12267354664401,10.938042683910346,76.77360055336139,4.655757424307863,74.16627533846668,-9.455676465975667,94.95450618791229,5.849644424718469,101.49551131786143,-13.509058534737509,112.46001739723673,9.575630761027156,73.4162221984636,11.122785590946497,60.57250890025834,27.841085820493397,0.3800143527275961
9.0,6.0,17397.06025205658,12801.920514836338,52.70958586548595,14.009882788633114,80.16327450960286,5.327382822653406,98.30101140319493,19.66881674692052,75.6932053985385,6.579316074795361,93.18367030983721,-4.667618779922735,88.9692098396223,-5.168215231120705,70.25398245603245,6.616649602866071,95.19940157251766,12.000939005928451,59.91043854013198,5.270383173724905,58.73991566753642,1.9802171464984744,67.90240716244966,-4.97278143894926,79.82950056985128,-0.9177526123414843,74.18845991153606,15.66480830686,92.71938808441493,15.988705831925298,80.52450937007715,16.802175783738157,100.21587624385393,12.063881959340478,75.23436202476263,6.372917126245762,72.64703196523112,-7.058100414159,94.46200766964911,7.629934134248814,97.83755169789968,-11.048931450932308,108.80470792084994,9.968727271024772,73.49579772995882,11.512483370648138,60.16327901946896,27.03563121941542,0.6782408238137836
16.0,7.0,17238.282964767317,13152.612764040976,46.69004522801677,14.316202120313346,78.1796260937451,5.452181276074172,93.73485436789431,17.32252574700641,72.5325946902733,6.5492236239196355,88.44182489953872,-1.7518807389133961,86.3636403585957,-2.2606775875089173,70.06276977135595,6.086589172047617,92.39138426446198,11.234287167145144,62.984091679272396,4.459271197493184,61.74662189705468,4.581448381326378,69.07556220559108,-2.3682154574508414,80.48932272654433,1.02495305535124,72.9849330112244,13.962055826859169,88.98122488483102,17.211460591896888,78.2908258725076,13.863369462726478,93.8525361147887,12.80239832530032,77.0237543674241,7.082374243377391,70.8698730794321,-3.058510721687105,91.87177369405728,9.085963801962647,94.73828066027224,-7.562548365407458,104.40401743661141,8.513467392059031,73.25152834926594,9.145058111480804,61.560453385959114,24.925387969040138,1.1185900383870129
7.0,6.0,17072.69277203076,11702.073498415144,73.49442714830087,12.355439415230313,84.87686893585364,3.9350476086256756,111.14135058754528,23.122309241660478,76.11762839581212,6.91725340372577,103.17648342640254,-10.090396960194576,100.75217695601013,-14.525024572970617,72.48744088512629,6.6391317373636936,103.07817598115639,10.941376662303535,54.19654575203971,1.5286406917292439,55.58007774923721,-1.2997704148970985,70.29557333682402,-12.93217610098953,87.43039317551576,-6.528577504613498,72.34354868862069,17.509815795225748,104.67656883933077,15.93454091838045,84.13469666584021,19.837618872855572,115.25155431779032,12.280728388100632,81.05220150006248,4.7256941218824196,73.22936945435605,-16.903117322383626,105.29268357912292,8.01221066771533,113.02167225638048,-21.829521640976218,127.82492575626407,12.822249086971826,77.52958857463679,16.30653709014308,54.234790217306966,32.91985104832491,-0.656180225662268
3.0,10.0,17399.74996208637,12467.318605392404,51.51365418465777,11.135680952862181,82.68003961358455,3.9947280998498136,103.4583732352972,19.06324409239544,70.69458128388652,5.302082036643023,96.10914380834822,-5.3318783758755615,91.48663614227745,-9.652602784557429,72.55157443840925,8.559981595448997,99.46878313607074,13.393251162783205,58.8782747153152,4.203007636757228,59.82831229590362,1.9941137018010968,67.95528360852713,-6.008910139308558,77.10874535161818,-0.9672262995956462,73.92215859754738,15.492425674952916,98.36982546798538,14.02673200247541,77.4254375056294,16.111591094366155,102.76019239052306,10.836098997703669,75.22325527798002,4.655567562897532,72.33904215417317,-8.612514291694861,95.28598405075634,6.654243471592208,100.21930221815256,-15.620771290332417,113.19233540747206,10.39557825502252,74.55279260524064,10.214909384074035,59.81744219190227,28.052451575901998,0.31175915297353063
17.0,6.0,17272.82661491058,12386.001370999948,52.1232066864044,15.353764939880456,80.97048385241351,5.625894837684109,101.4390472174506,21.84541189622064,74.75281813673213,5.087244238733724,96.1292625368209,-5.264012424873114,88.29639618613137,-6.686838788086174,69.70210205367042,6.808521232146873,99.01182696395622,12.829119923588637,58.320659972346554,5.452176649059776,58.524336615455965,1.4514334919672063,65.66706198119691,-3.503485014247754,79.9660438434581,-1.7655117056795842,73.23743668846879,16.894531707875803,94.69951845639156,18.753766439841918,81.51012784675713,16.75884577350017,99.88085421717952,12.421420571404187,74.68777563351388,4.958343575146499,68.62923264766297,-7.66777907630507,95.45491153928499,9.45246561946637,101.01770262369254,-12.013874568644955,111.56729167031708,10.417753746128923,71.68840702559474,10.487847327618423,57.53870508871324,28.412701538665317,0.4024541830288517
1.0,11.0,17329.372725812944,13143.95796085628,44.462607905805996,14.045339052074358,77.68789679598075,4.681869298048641,94.01785599283807,18.657762231683424,74.43835631847257,6.08555871777989,90.46640828967925,-2.3864506751444896,86.34243441921252,-3.534618325699382,69.79680228728596,7.182275538570642,94.00954913600012,11.46311602818076,59.78867453000946,4.9608280426870675,61.242931243850244,3.359952398916308,67.82023276698298,-2.790824365633306,78.8696607177235,-0.47971722253426385,73.6806398971923,14.484910066599472,91.06132623259134,17.329187058263265,79.07367038854953,14.322650368845107,93.75376544891327,12.023387107081085,75.99821193377582,5.439819047110231,71.2629174050498,-2.920877861082367,92.29196933902415,8.263374132335453,94.98337631570942,-8.304532513492159,103.91787617579985,9.219347269905446,74.35455971393058,8.777610694876667,61.1837188453439,25.353369994844606,1.2610304121927862
9.0,9.0,17276.802243686583,12484.782969082931,52.073132133525135,15.461413315480282,81.65603309951376,5.184110397728047,100.3722310881499,21.779161709012573,75.61102946979724,6.321438838559866,91.73962355295626,-5.002832983225479,86.57456502541876,-5.190024325882593,71.29130537265337,7.446077262191597,97.42376299637,12.995281925684804,62.20558256518872,4.81675109119024,60.10760506253336,1.0338270835747831,67.37498371220424,-0.6110158908231749,81.20843511998753,-3.2114685127336724,73.81490289549699,17.13551246889484,95.5965048138352,18.147662011069272,78.70788517779471,15.675551541480058,101.6249735041326,12.082466748508883,76.29674536652763,6.673226976207715,68.92048982875046,-3.8370361891698437,96.99408670044804,8.597614132558615,96.26617947469704,-11.301848832129291,111.83673494892682,10.001731599346812,73.19100511200388,8.567352577359292,57.554472591638074,27.129410201729932,0.4169191297903829
23.0,1.0,17081.330709925427,13189.1034349561,47.7033229668577,12.797189464968003,79.54984120215228,5.9218219524408395,96.1993879718649,17.94027986675126,72.75383043389262,6.39381276934059,87.4111414186276,-2.403216805603506,90.33921417649813,-3.0816138011787135,69.57885428901324,8.069029101317089,95.47178012191432,10.956322167069157,62.024541859400394,6.970113441761691,62.71170061755831,3.2260739831032224,67.08658176248385,-3.1358387881312706,79.07933594795725,0.12178259911320932,73.46941118517792,15.378708981325598,90.62643047487005,15.618875069917465,79.0318468221387,15.06627666624832,94.97421145808192,11.202433395799956,75.68190165998183,4.704617638958942,72.12130758450051,-4.200261424244822,91.50683520164424,9.091663894561982,97.66976645183271,-9.973757809421635,103.79163042950454,9.593984592145345,72.44135718078935,11.091819692688201,61.761012726821015,25.34802714466172,1.0399317894334976
15.0,5.0,17425.463817614815,13414.869494785486,46.01781981708582,12.500517618704876,77.71324333009059,6.271518426078659,91.42360895092366,17.404536083940485,75.97493832859561,7.9686287261411985,86.54638127857729,-0.7684277797084906,83.77392950863018,-1.385125279437215,69.54822901416055,7.024887639813294,89.40886649410237,9.252597252383394,66.23670912006688,4.1012570844520475,63.65726272875247,4.392840607475978,68.31474830533269,-1.0369139323234422,80.60873074850045,1.8130945525047135,73.20204945099279,13.369079436161535,88.0008644502859,14.839852460550734,77.53072830399134,14.313317741306049,93.38828846807155,11.902782080043403,78.25734365795783,8.178805224274615,70.54128414958605,-0.15623806538232365,90.9198469722269,8.318940694903237,89.9015638448107,-4.232660789047245,100.58818278974452,8.245449147681605,73.21541531599928,9.754579593781369,65.19267403899717,23.417418344941368,1.2381146136941523
18.0,6.0,17343.8033239266,13059.061963412487,53.498470239195534,13.832700378145942,79.5951369363629,5.553994909688417,97.94265389543365,18.54947314853284,74.83443199948074,7.203977127316874,90.29157551799634,-1.9863581352035062,88.18778766051409,-2.2643165713502267,69.13526677236266,5.715754518691171,92.38065800244767,11.16482044529651,63.79009626680042,3.841689933171589,60.409152450115855,3.253441964677908,69.86558407645025,-2.1532446481541245,81.00893818035895,-0.9321372532202279,72.13969705382863,14.25760263701358,91.31157621356125,16.022722725878218,79.96476264126328,15.578743396040958,97.99494554591257,11.56099291386615,77.19953196554431,6.763943784571259,71.90944772684725,-4.4044092376801185,93.915413087015,8.730460958533982,97.09666175547045,-8.371458783398591,105.9857954664412,9.972067300660859,73.00157389263588,10.257045616023822,61.53523197396352,26.882841652991445,0.8785123478225212
9.0,2.0,17990.647167921452,12836.472573951838,44.20500157067029,14.250828696122209,79.64199416985447,4.663226949140869,94.88924118383218,18.935577458627748,78.2695637377961,5.432969574120705,88.3333961868787,-1.9742076430916153,85.315906968213,-4.221340406598459,67.9416018678307,8.650760652064529,95.49515156437668,11.459531644885038,62.613326931300996,6.849966629554015,61.83317444556739,2.722610725409054,65.86160760848998,-2.199378186807978,76.06777992464157,0.014138306790466793,73.85333030554418,14.681326213059927,93.18289554406294,15.510656518819202,80.33020073704772,14.500302699443242,98.36720111584941,11.134458451178201,74.98408077160902,5.056889451956486,69.68441936286818,-2.5490277202261975,91.44160727824324,8.535673631192273,91.47314928909182,-6.2972231846886855,103.33069475327142,9.48622220260423,71.86923472650028,9.130925220431905,60.44458995091988,25.592942053987755,0.6192083580401997
12.0,3.0,17070.87463584658,13645.582261844133,42.8414029478772,13.314348869844178,77.29229417010578,4.42809568916606,91.90971549872985,15.939291269485475,72.96918468135259,6.42329317368757,84.56801581614029,-0.020322044906642134,87.24140414520089,-0.8456599612302185,68.75877413008479,7.656855608426357,92.63303362497575,10.414969095042812,62.550048304293114,6.430735393999074,63.10967987386044,4.604686066239045,68.05336904662609,-1.7328145313249226,77.84624015111315,1.5573025840554475,72.39829951830576,13.94047288140031,88.24074136957942,15.978281803203895,76.97722697110137,12.285241288396655,90.54946405179398,11.521771750971697,74.55906606086229,4.1856953548018385,72.05763273718885,-1.1890398546614698,88.23503260626799,8.95915045752784,93.53072479929367,-6.878066382496679,99.34341813948578,8.503562266778705,73.02223771826516,8.21877569220209,63.28235590414912,23.640069979487265,1.5699156356238184
10.0,8.0,17289.014521488905,11985.310900268347,62.747973175869305,13.930430662156756,82.18205512739914,5.219736902086805,104.62984340301321,22.975703197697563,76.55482091262975,5.79737293744092,102.1938847277964,-9.899501953056314,90.67267240822468,-11.065187893112283,71.2942381624245,6.350278862653216,99.53602287065615,11.025610650879818,55.29584558878042,3.482464254416659,55.547848108422436,-0.5253108183453019,66.56074527229714,-7.918867398265261,83.45648327451167,-3.8536761064937153,74.3997403337254,17.94999893909499,99.5411251979234,17.840298293586265,80.64042527301997,19.529257373450243,105.59052409172745,13.763721725646825,75.03165060478634,7.083913792056564,68.94944043155377,-11.495396562042234,100.56943993237495,8.020160167981707,104.04796505412558,-17.69963220800469,118.87754758408545,10.948711820695486,72.81941923979417,11.528787890502224,56.56604683999437,29.371510209976847,0.03584770328048714
13.0,2.0,17178.865464124767,11919.739117892343,60.058329429243045,14.823857993115979,83.6179389910475,3.9327891131227797,106.14291545540706,22.603611637825797,72.87176946688828,5.176734907555955,99.31416346459385,-8.004187792417616,94.1140430260833,-9.773821292580193,70.94495865354408,5.672999622926825,103.39823227317626,13.74070741287819,54.95295825444475,4.86880666390389,55.852609223956904,0.05380679238189501,66.60514682012185,-6.9398167663455865,79.70228471152456,-3.2287165426900017,71.494968806577,17.352690527842505,97.83850299585927,17.895587742282647,81.16291573766473,17.64032282421018,105.85691485168412,13.211635044006787,72.5926784122027,3.9299671357694903,70.41042830378743,-13.050193601768722,99.0391848459615,8.709254156982908,107.5093506338878,-17.5639617360464,117.13169727914241,10.257466588522052,71.57637290199668,12.491233300779935,55.43592892304265,30.20805658965247,0.022440171952689436
22.0,2.0,16933.501140021966,10886.60383732876,82.30057577986514,14.94203618040875,93.83209999227775,2.7662746712377646,120.53722960237194,31.17526695902746,68.42159435590048,4.276177152930643,112.98594650247975,-17.509817823532863,109.9266747334602,-20.724262696860833,70.28766256065894,3.2773952853374286,118.52163910568271,15.203195319226207,43.758196288159425,2.0779523704257983,46.67300372185187,-6.605344688405754,69.44835299745672,-16.1066505710038,90.33873057951911,-10.85379733093082,72.07450703670007,22.96339574632036,113.67120106790733,20.595356426272843,89.96804350362694,23.152518248954657,123.37002114960646,12.808859937127153,74.6040948002646,1.6701796206803339,70.30947498935028,-27.712210371476598,113.60255819208344,8.00971731897292,130.93002376960607,-33.28187522758524,142.75941507073037,11.395306446800937,69.7702412613349,17.32833674946775,46.14307473094388,38.441168376124196,-1.8776086444361106
1.0,3.0,17496.002228932597,13133.342990387944,52.30901843084639,12.842270364089279,80.80421328476687,5.177196069282706,93.51167902388585,18.91894941660803,77.14667004587017,6.679871728795272,92.36657419492788,-3.767966145178111,87.24019419352587,-5.251806097830643,68.97653693010032,6.283516034371109,93.63617189152525,10.343729804082608,59.54020133386136,5.413617499044713,61.525722611823824,3.520511864650179,67.19655138274254,-3.5897550372330396,79.47509405721192,-1.4127836999008423,73.65052348146685,13.906595544222142,91.51754668239809,15.645925733549479,79.56477301541774,16.334093196460458,96.95962903811716,12.075887866049985,76.84223367064023,6.513968459590788,71.73119539658822,-4.817385453663677,92.50102829313343,7.4418423961922455,94.75709939471686,-7.977558682722187,106.02920211832136,10.049262494722257,73.36654103781039,10.779957357638885,61.92532439144684,25.437529328597314,0.8131776287901968
2.0,8.0,17044.63187710374,11025.703033796746,75.0814489912851,13.074714863687896,88.8169952715785,4.499790299388762,118.03040912543982,27.785684891304506,72.01620702211696,5.5404593072602815,108.570316572441,-14.029803314624933,105.75092384049604,-20.39400957129572,73.37428924440358,7.851976511183555,112.03936610311649,13.22982290703457,49.07724732505696,1.835517797604675,53.44057842552999,-5.055807016627757,66.96452097506769,-12.291014379572394,86.58648147631723,-7.46997052734959,75.034193157488,21.32976435056925,115.12656326464202,17.34266146217843,84.28241703364213,22.437010768362356,124.59030743339989,11.660192793034241,78.55988692652276,3.548078978807536,70.86208352439266,-21.547972178497158,111.80378618590382,6.419082875999116,118.51413667880561,-28.69239589543666,140.92136994265593,12.837341025292968,77.17052432392099,17.160889892940286,50.52431330463059,35.919349385384265,-1.6552106249183747
20.0,6.0,17228.73867041803,12840.854416958944,50.047448240241735,12.363589590019496,78.63800630124163,4.07967715037185,100.76706914302277,19.010691762147076,73.08728926158925,6.796206268731055,90.3404119441671,-2.895702771622087,88.78963902561794,-4.968636487628864,70.7519286451459,7.090589709799089,95.31190999334939,10.491201340362121,64.11089015470768,5.111912930944669,60.252207241358654,2.3401969545196097,68.6174919054502,-4.16152378256168,81.30145767584195,0.13549223783840336,72.04738896736698,15.156358084924403,93.03653877034012,14.978750803382605,77.5814342706838,15.260615328754344,98.37025148094222,12.377597187704657,74.48837854204216,4.761749974431557,70.52700247473763,-5.075140913194266,93.18059014251007,8.09264441016414,98.0309017564219,-10.383826404316626,106.57065557485996,8.810235269767851,72.02928837733782,10.880236571572974,62.535356443630974,26.877479916064,0.7424522626731029
19.0,12.0,16991.558704258514,11388.04021871237,70.59033885357937,15.09631564657786,85.59065078440707,4.177471688579806,110.140498742263,24.19689282752381,72.44486816119799,5.368541802619582,105.04400388625228,-11.130408104933592,99.23520481121034,-14.197179156843385,71.15077120330918,4.101600215151608,103.52598417328201,13.851797131663854,52.57407014964029,1.6743312409035829,52.08473464481587,-1.0338365941985845,69.09009789034678,-10.135984797244234,86.18077723434635,-5.684353547915631,74.23644978651477,18.319311440101018,102.24840666552319,20.553712122430866,84.2266210870953,21.19409310121454,114.31140296770508,13.224548495107783,77.42211163495668,5.661358468963672,71.40216483341224,-16.698746623752474,106.96311295841913,9.04407207624906,114.79834084130766,-23.227858394423784,131.93167423561275,11.596055357480605,74.71362396464639,13.141471741689312,51.09673848886311,33.07229225923814,-0.878853397514713
5.0,3.0,17474.498190574126,12356.380267029237,59.094028549404825,13.562236527456102,83.62919935146068,4.49810282290534,102.43850917718429,21.986462138957673,73.07336230195506,6.522271216554985,97.28157343327433,-5.69247633163171,92.34647314924919,-9.483788927060894,69.44901508764313,4.464972426782806,98.40193072176234,12.27640474896558,59.270979922621805,3.7219903402149948,57.20395400809559,2.1361440268216496,71.31716598028285,-6.925376282237062,82.42017877816687,-4.350533670468554,72.07033189208344,15.700445094615173,97.97021606826388,16.644779657232412,80.27158687641536,17.579967607639077,104.06204964429824,11.737070858892091,77.23008868008421,6.809815802892217,71.22831839984396,-9.511971256061443,98.68452858777916,7.8464254014214445,103.08928557418862,-13.39803006362374,116.1668421084609,9.722246373548826,71.50843807327088,11.455431250012523,56.96947955385473,29.326396072808095,-0.1974564193149
2.0,2.0,16969.967977193563,11920.920800580181,56.40296630400147,16.76719026590997,82.53998977454384,3.7508413832030105,104.68596200630616,21.407308900180716,73.60540000337144,4.257320244198607,98.34060900250316,-6.780800362478082,95.3614502279151,-10.001080860412094,69.7114978573065,7.81265268577031,106.55412451326772,15.034824146586008,52.962068629892585,4.616382736330728,57.944905249189446,-0.0979798836111776,66.03328038000647,-5.4693277241702685,82.12117274683439,-3.6045306635891716,72.92251220052871,17.895062271059963,99.00495246164041,20.215320066193463,82.67204240760609,15.703182741274512,106.55760280263193,12.24374839728566,73.8199592071244,2.4305333391000374,70.16438965174596,-11.72988931837843,100.32720815663335,9.133959355798032,107.44228273336135,-17.764086922834018,122.57952465682848,10.256248422392073,74.00633553574293,12.638496698883623,51.92311826166712,30.536251549845655,-0.12436684315447488
