month,day,hour,y_true,y_pred,error
2,5,21,17442.6,15683.0,1759.5999999999985
1,12,3,15292.5,14125.666666666666,1166.833333333334
2,23,3,12902.7,14021.794871794871,1119.0948717948704
8,25,2,12325.5,12729.32142857143,403.82142857142935
5,24,6,12763.3,13817.5,1054.2000000000007
8,24,2,12002.4,11296.307692307691,706.0923076923082
8,9,16,17134.8,16986.454545454544,148.34545454545514
6,14,19,18647.5,19621.4,973.9000000000015
11,3,16,15341.0,14991.155172413793,349.8448275862065
9,8,5,13478.7,12487.418604651162,991.2813953488385
2,16,19,17995.3,19621.4,1626.1000000000022
5,28,2,13554.0,13999.833333333334,445.83333333333394
3,17,3,13417.7,13563.855421686747,146.1554216867462
11,19,18,18449.8,19621.4,1171.6000000000022
2,10,20,18603.0,19545.91489361702,942.9148936170204
12,10,13,17132.7,17189.76785714286,57.067857142857974
8,21,3,12921.7,12031.34429065744,890.3557093425607
3,5,12,16834.9,16752.77142857143,82.1285714285732
7,9,15,16653.7,16986.454545454544,332.7545454545434
4,23,3,12592.8,12729.32142857143,136.52142857143008
11,13,21,19275.7,19137.710843373494,137.98915662650688
7,27,4,13929.1,12731.635416666666,1197.4645833333343
5,26,2,12198.0,12995.714285714286,797.7142857142862
10,14,20,14291.5,15020.397003745318,728.8970037453182
2,11,2,14365.3,15350.714285714286,985.414285714287
6,25,7,16323.3,15844.57142857143,478.7285714285699
11,4,14,15301.4,15291.79411764706,9.60588235294017
5,27,4,16124.2,14934.222222222223,1189.977777777778
10,5,21,16236.7,16019.669144981413,217.03085501858732
10,3,16,16546.4,17630.9,1084.5
2,17,21,18277.3,19137.710843373494,860.4108433734946
11,26,3,13254.5,12736.513157894737,517.9868421052633
7,19,4,12764.6,12031.34429065744,733.2557093425603
6,12,15,16115.7,16991.006134969324,875.3061349693235
10,14,2,12435.6,11388.380952380952,1047.219047619048
11,19,17,18418.5,18863.58064516129,445.0806451612916
11,4,13,15568.0,14991.155172413793,576.8448275862065
2,22,5,15547.5,14816.470588235294,731.0294117647063
7,26,2,12066.6,12729.32142857143,662.721428571429
9,6,15,17438.9,18448.315789473683,1009.4157894736818
10,2,17,18086.1,17630.9,455.1999999999971
10,8,21,16088.6,15449.371308016878,639.2286919831222
3,18,13,13439.0,13608.672131147541,169.67213114754122
12,19,14,17822.2,17189.76785714286,632.432142857142
1,3,11,17682.1,17687.75,5.650000000001455
1,9,3,14558.2,14125.666666666666,432.53333333333467
6,8,22,19596.1,17490.833333333332,2105.2666666666664
9,2,17,17817.2,17868.212765957447,51.01276595744639
11,28,20,18331.1,19621.4,1290.300000000003
2,4,4,15112.0,15470.333333333334,358.33333333333394
6,27,1,12201.8,13519.0,1317.2000000000007
10,15,21,15735.3,16482.314285714285,747.0142857142855
1,23,3,12886.1,12402.2,483.89999999999964
12,26,13,17911.0,18012.0,101.0
10,1,14,15172.7,14957.09677419355,215.60322580645152
8,24,2,12438.8,12995.714285714286,556.914285714287
5,28,3,12320.4,12995.714285714286,675.3142857142866
11,17,21,18268.8,19137.710843373494,868.9108433734946
8,28,6,13037.4,12602.5,434.89999999999964
6,13,10,15414.5,14655.470715835141,759.0292841648588
2,22,5,15000.9,14720.263157894737,280.636842105263
8,25,5,12605.4,12468.904494382023,136.49550561797696
4,21,12,15179.3,14376.5,802.7999999999993
4,17,20,19307.6,19621.4,313.8000000000029
12,11,18,18425.1,18348.184210526317,76.9157894736818
11,17,21,18251.4,19137.710843373494,886.3108433734924
11,26,3,14826.9,14102.7,724.1999999999989
11,2,16,17051.0,14451.315151515151,2599.6848484848488
9,12,15,14608.2,13608.672131147541,999.5278688524595
11,3,12,15251.3,14798.347457627118,452.952542372881
9,25,2,12482.9,11296.307692307691,1186.5923076923082
10,4,16,17713.9,18448.315789473683,734.4157894736818
4,3,22,17501.0,15694.15,1806.8500000000004
11,22,18,18027.0,18664.904761904763,637.9047619047633
10,22,4,12579.5,12031.34429065744,548.1557093425599
6,28,4,14040.5,12729.32142857143,1311.1785714285706
4,25,3,12977.4,12031.34429065744,946.0557093425596
7,24,2,12573.7,12729.32142857143,155.62142857142862
5,9,13,15636.1,16217.912133891214,581.8121338912133
3,13,17,18811.8,18863.58064516129,51.78064516129234
8,9,2,13150.7,14043.931034482759,893.2310344827583
2,19,3,15001.0,14816.470588235294,184.5294117647063
8,25,3,12423.5,11296.307692307691,1127.1923076923085
10,2,16,17968.4,17630.9,337.5
9,13,21,16899.3,16019.669144981413,879.6308550185859
6,14,12,15526.8,16527.25,1000.4500000000007
2,23,5,15267.0,14720.263157894737,546.7368421052633
7,12,13,16244.5,17818.727272727272,1574.227272727272
2,24,1,13566.9,14601.65625,1034.7562500000004
7,17,13,16732.7,18448.315789473683,1715.6157894736825
4,26,2,12219.5,13015.333333333334,795.8333333333339
8,29,11,14030.1,13608.672131147541,421.42786885245914
1,23,3,12615.3,12487.418604651162,127.88139534883703
12,10,18,18437.4,18348.184210526317,89.21578947368471
7,6,21,16276.2,16482.314285714285,206.11428571428405
11,21,4,12451.0,12509.444444444445,58.44444444444525
11,16,21,19151.3,19137.710843373494,13.589156626505428
8,20,14,13790.1,14507.633333333333,717.5333333333328
1,20,6,12994.3,13037.777777777777,43.4777777777781
9,13,20,16786.4,16812.8,26.399999999997817
7,27,2,12331.7,12995.714285714286,664.0142857142855
6,27,1,11969.2,12996.625,1027.4249999999993
5,25,5,12875.6,14408.625,1533.0249999999996
2,20,9,15895.4,17950.355102040816,2054.955102040816
3,22,4,12377.2,12487.418604651162,110.21860465116151
9,2,14,14911.8,14451.315151515151,460.48484848484804
9,2,16,15074.1,14451.315151515151,622.7848484848491
8,28,15,14336.7,14906.73417721519,570.0341772151896
9,4,16,16482.0,16469.655172413793,12.34482758620652
2,9,15,17907.0,17384.80769230769,522.1923076923085
7,13,21,13678.8,15544.08888888889,1865.2888888888901
4,28,3,12635.6,12031.34429065744,604.2557093425603
11,10,17,17818.7,18348.184210526317,529.484210526316
3,19,16,17239.4,16984.169230769232,255.2307692307695
4,26,12,17403.9,17384.80769230769,19.092307692309987
10,20,6,13217.6,13722.35,504.75
9,2,16,17349.9,17630.9,281.0
9,3,16,17450.8,17630.9,180.10000000000218
11,3,15,15731.5,14991.155172413793,740.3448275862065
3,12,21,18990.2,19137.710843373494,147.51084337349312
10,2,15,15373.8,14991.155172413793,382.6448275862058
3,25,17,14387.0,15020.397003745318,633.3970037453182
5,25,4,15645.8,14125.666666666666,1520.1333333333332
2,12,12,18143.2,17950.355102040816,192.8448979591849
10,2,16,15068.8,14991.155172413793,77.64482758620579
4,24,7,12907.4,14664.5,1757.1000000000004
10,16,6,13327.9,14306.027777777777,978.1277777777777
4,28,3,12597.8,12031.34429065744,566.4557093425592
6,10,20,13960.2,15466.933333333332,1506.7333333333318
10,2,16,17336.7,16469.655172413793,867.0448275862072
7,17,18,17641.1,19621.4,1980.300000000003
12,26,13,17645.2,17189.76785714286,455.432142857142
2,16,22,18350.0,17857.333333333332,492.6666666666679
12,24,14,17907.1,17189.76785714286,717.3321428571398
11,18,21,18369.9,19137.710843373494,767.8108433734924
3,5,20,18459.0,19621.4,1162.4000000000015
5,24,4,15996.9,14125.666666666666,1871.2333333333336
2,4,4,14956.3,15470.333333333334,514.0333333333347
3,8,2,12766.9,12031.34429065744,735.5557093425596
10,2,15,14833.7,14798.347457627118,35.35254237288245
12,11,18,18384.0,18348.184210526317,35.81578947368325
9,8,17,14157.2,15020.397003745318,863.1970037453175
1,9,7,16366.2,16766.4,400.2000000000007
3,21,4,14310.6,12729.32142857143,1581.278571428571
3,19,4,15980.2,14934.222222222223,1045.977777777778
2,16,3,15670.4,15350.714285714286,319.6857142857134
7,26,2,12623.1,14043.931034482759,1420.8310344827587
10,2,9,14209.7,14798.347457627118,588.6474576271175
11,4,10,14262.0,14467.16037735849,205.16037735849022
12,11,18,18451.4,18348.184210526317,103.21578947368471
9,23,3,12091.1,11057.707317073171,1033.3926829268294
10,5,16,17226.5,16469.655172413793,756.8448275862065
10,12,21,18316.6,17652.285714285714,664.3142857142848
7,24,3,12392.4,11444.596958174905,947.8030418250946
5,18,14,13253.0,13608.672131147541,355.6721311475412
9,9,3,12663.8,12031.34429065744,632.4557093425592
6,16,13,15675.2,16527.25,852.0499999999993
4,20,11,15809.6,16217.912133891214,408.3121338912133
2,13,14,18304.4,17215.875,1088.5250000000015
3,2,22,18523.9,17857.333333333332,666.5666666666693
2,9,10,16893.6,17950.355102040816,1056.7551020408173
1,22,3,12581.7,12402.2,179.5
6,14,14,15996.0,16991.006134969324,995.0061349693242
10,10,14,15953.9,15570.037974683544,383.8620253164554
10,2,18,17499.3,15449.371308016878,2049.928691983121
9,8,15,16596.5,16469.655172413793,126.84482758620652
12,13,9,16742.8,17234.75,491.9500000000007
1,26,4,14946.2,14408.0,538.2000000000007
8,28,5,13067.0,12729.32142857143,337.67857142857065
9,13,19,15301.7,15403.166666666666,101.46666666666533
2,24,3,12594.5,12729.32142857143,134.82142857142935
7,27,2,12784.5,11444.596958174905,1339.903041825095
2,25,3,12852.2,12402.2,450.0
6,26,4,13096.4,14021.794871794871,925.3948717948715
11,3,15,15863.9,14991.155172413793,872.7448275862062
5,26,5,16239.1,14208.75,2030.3500000000004
9,4,21,17105.7,16019.669144981413,1086.0308550185873
3,17,2,13354.3,13563.855421686747,209.55542168674765
2,15,17,13149.0,15020.397003745318,1871.3970037453182
2,22,5,12442.5,12487.418604651162,44.91860465116224
10,22,6,13103.8,13722.35,618.5500000000011
5,23,6,17190.2,14873.0,2317.2000000000007
8,26,1,12392.6,13917.666666666666,1525.0666666666657
1,26,6,15748.1,14873.0,875.1000000000004
12,22,13,17812.7,18012.0,199.29999999999927
2,4,13,17708.7,17950.355102040816,241.6551020408151
1,7,2,14553.0,13837.4,715.6000000000004
6,29,2,12742.8,12025.882352941177,716.9176470588227
6,28,4,12359.3,11734.843971631206,624.4560283687933
9,1,18,17734.7,17868.212765957447,133.5127659574464
2,15,15,17825.8,17215.875,609.9249999999993
2,12,2,14912.3,13692.0,1220.2999999999993
2,24,21,17877.7,19132.555555555555,1254.855555555554
12,10,18,18320.1,18348.184210526317,28.084210526318202
10,2,12,14471.2,14798.347457627118,327.14745762711755
10,2,13,15022.8,14798.347457627118,224.452542372881
12,3,14,15306.1,15808.234567901234,502.1345679012338
9,25,9,12626.7,12175.0,451.7000000000007
6,13,15,16336.8,18121.492537313432,1784.6925373134327
4,25,3,13020.3,12031.34429065744,988.9557093425592
7,11,15,16837.1,16986.454545454544,149.3545454545456
2,16,15,17334.7,17384.80769230769,50.10769230769074
10,17,7,12309.0,14294.5,1985.5
1,14,5,15875.7,14024.75,1850.9500000000007
7,28,3,13533.2,14021.794871794871,488.5948717948704
7,25,4,12810.5,12031.34429065744,779.1557093425599
10,2,15,14937.0,14467.16037735849,469.8396226415098
4,11,17,13423.7,15020.397003745318,1596.6970037453175
8,28,2,13334.9,13526.955223880597,192.05522388059762
12,3,17,15918.7,15291.79411764706,626.9058823529413
7,28,3,13303.3,14021.794871794871,718.4948717948719
6,3,21,18153.6,19137.710843373494,984.1108433734953
10,2,16,17716.4,16469.655172413793,1246.744827586208
3,22,4,12470.1,12487.418604651162,17.318604651161877
4,28,2,12658.0,12487.418604651162,170.58139534883776
11,17,20,18346.5,19621.4,1274.9000000000015
2,12,11,17063.3,17950.355102040816,887.0551020408166
9,13,10,13462.6,14507.633333333333,1045.0333333333328
6,3,21,18858.4,19137.710843373494,279.3108433734924
10,10,20,16536.6,16516.50342935528,20.09657064471685
4,27,3,12814.1,12031.34429065744,782.7557093425603
10,2,16,17209.3,16469.655172413793,739.6448275862058
1,8,4,15005.0,14125.666666666666,879.3333333333339
12,8,21,18031.9,19137.710843373494,1105.8108433734924
3,17,10,13032.6,14410.133333333333,1377.5333333333328
12,24,13,17997.0,18012.0,15.0
4,28,2,12616.6,12487.418604651162,129.18139534883812
11,15,20,18276.5,19621.4,1344.9000000000015
5,2,21,17489.1,18091.479452054795,602.3794520547963
2,9,20,18583.8,19621.4,1037.6000000000022
2,13,20,18146.5,19015.63888888889,869.1388888888905
4,18,12,13115.6,13608.672131147541,493.07213114754086
3,11,17,13157.7,13428.689655172413,270.9896551724123
4,22,8,16823.1,17478.40740740741,655.3074074074102
9,8,22,19464.7,17022.166666666668,2442.533333333333
2,20,2,13714.5,13803.695652173914,89.19565217391391
8,28,2,12442.6,12729.32142857143,286.721428571429
8,20,14,13619.5,13608.672131147541,10.827868852458778
1,9,4,15843.2,14125.666666666666,1717.5333333333347
11,2,18,14816.2,15291.79411764706,475.59411764705874
12,14,13,16210.9,17189.76785714286,978.8678571428591
8,25,2,12156.2,12729.32142857143,573.1214285714286
10,6,21,16223.9,16019.669144981413,204.23085501858623
3,23,4,12614.7,12085.25,529.4500000000007
3,25,2,12335.6,12729.32142857143,393.721428571429
10,2,11,14499.3,14798.347457627118,299.047457627119
12,10,18,18436.3,18348.184210526317,88.11578947368253
11,4,14,15739.1,14991.155172413793,747.9448275862069
8,18,14,17099.0,16527.25,571.75
12,16,11,16424.8,17189.76785714286,764.9678571428594
7,18,14,16085.0,16146.882352941177,61.88235294117658
10,24,3,14963.2,14102.7,860.5
11,7,16,15468.0,14991.155172413793,476.8448275862065
3,3,15,17346.6,16752.77142857143,593.8285714285703
7,29,2,13014.9,12487.418604651162,527.4813953488374
11,23,3,14792.7,14910.094339622641,117.39433962264047
11,11,20,17025.8,17941.813636363637,916.0136363636375
9,14,14,13846.0,14507.633333333333,661.6333333333332
1,24,3,12696.5,12487.418604651162,209.08139534883776
4,4,12,17626.6,17478.40740740741,148.1925925925898
8,25,3,12205.7,12729.32142857143,523.6214285714286
6,21,9,17335.8,17950.355102040816,614.5551020408166
2,15,13,16870.9,17950.355102040816,1079.4551020408144
4,24,5,17055.7,14910.094339622641,2145.6056603773595
7,7,15,15986.8,15620.109375,366.6906249999993
10,3,11,15223.3,14798.347457627118,424.952542372881
2,7,11,17308.5,17478.40740740741,169.90740740740875
9,15,5,13453.6,12771.9,681.7000000000007
6,29,2,12937.4,13194.194805194806,256.79480519480603
2,13,21,17952.2,19132.555555555555,1180.355555555554
2,23,2,12909.3,12729.32142857143,179.97857142856992
11,4,11,15111.7,14798.347457627118,313.35254237288245
6,29,8,13228.4,14258.912087912087,1030.5120879120877
10,3,17,17503.4,17630.9,127.5
10,3,17,18097.1,18448.315789473683,351.2157894736847
7,20,3,13497.7,12487.418604651162,1010.2813953488385
5,27,2,12415.7,12729.32142857143,313.6214285714286
9,15,20,16361.6,16516.50342935528,154.90342935528133
6,29,8,13238.6,14258.912087912087,1020.312087912087
3,4,13,17090.8,16752.77142857143,338.028571428571
8,13,3,12307.0,11444.596958174905,862.403041825095
2,16,21,18463.3,19137.710843373494,674.4108433734946
11,22,11,15994.8,15570.037974683544,424.76202531645504
10,3,16,17958.2,17630.9,327.2999999999993
2,10,20,18357.9,19545.91489361702,1188.014893617019
10,7,16,14747.1,14495.843137254902,251.25686274509826
11,15,20,18821.5,19621.4,799.9000000000015
10,9,20,18590.7,19165.30769230769,574.6076923076907
5,25,5,16902.5,14910.094339622641,1992.4056603773588
4,18,11,13035.9,13608.672131147541,572.7721311475416
9,9,21,14959.9,16019.669144981413,1059.7691449814138
1,8,3,15474.8,14125.666666666666,1349.1333333333332
10,2,10,14425.0,14798.347457627118,373.3474576271183
11,28,20,18002.5,19621.4,1618.9000000000015
5,28,2,13415.0,12487.418604651162,927.5813953488378
2,7,22,18009.4,17857.333333333332,152.06666666666933
3,19,3,13317.9,13563.855421686747,245.9554216867473
10,2,13,14755.9,14798.347457627118,42.44745762711864
5,6,21,16266.8,16482.314285714285,215.5142857142855
10,8,22,19591.4,17022.166666666668,2569.2333333333336
7,26,3,13073.1,13411.176470588236,338.0764705882357
12,22,15,18281.5,18012.0,269.5
11,4,11,14763.3,14798.347457627118,35.047457627119
11,17,21,18074.4,18082.833333333332,8.433333333330665
9,1,14,14752.5,13330.166666666666,1422.333333333334
7,24,1,12584.2,14043.931034482759,1459.7310344827583
3,7,13,17746.6,17950.355102040816,203.7551020408173
4,19,5,13420.8,12640.58064516129,780.2193548387095
2,17,5,16336.0,14125.666666666666,2210.333333333334
3,3,21,17048.2,17476.716417910447,428.51641791044676
11,24,17,18914.6,17090.0,1824.5999999999985
10,5,20,15657.9,15020.397003745318,637.5029962546814
11,13,21,18364.5,19137.710843373494,773.2108433734938
1,13,4,16081.8,14125.666666666666,1956.1333333333332
4,6,2,14355.4,13692.0,663.3999999999996
7,23,1,11926.2,12996.625,1070.4249999999993
7,15,18,14710.4,15020.397003745318,309.9970037453186
11,23,21,19055.1,19137.710843373494,82.6108433734953
8,11,12,13050.3,14299.711111111112,1249.4111111111124
11,20,21,18383.1,19137.710843373494,754.6108433734953
3,21,5,13826.4,12596.085714285715,1230.3142857142848
12,10,18,18263.2,18348.184210526317,84.98421052631602
12,10,18,18197.3,18348.184210526317,150.88421052631747
9,16,5,14083.0,14043.931034482759,39.06896551724094
3,20,17,18079.1,18863.58064516129,784.4806451612931
2,12,2,15269.2,13692.0,1577.2000000000007
8,29,3,13138.6,12085.25,1053.3500000000004
5,29,2,12180.0,12901.166666666666,721.1666666666661
2,10,17,18635.4,19447.615384615383,812.2153846153815
6,12,13,17275.9,17950.355102040816,674.4551020408144
2,8,21,19132.0,19137.710843373494,5.710843373493844
11,28,21,16397.4,16965.428571428572,568.028571428571
6,28,3,12235.2,12995.714285714286,760.5142857142855
2,19,7,15418.4,15827.857142857143,409.4571428571435
2,21,3,12221.7,12553.166666666666,331.46666666666533
11,2,17,14399.7,15291.79411764706,892.0941176470587
11,2,19,15374.0,15291.79411764706,82.20588235294053
2,15,21,18526.2,19137.710843373494,611.5108433734931
7,21,13,15773.8,15620.109375,153.69062499999927
5,27,2,12058.0,12025.882352941177,32.11764705882342
6,26,2,12614.6,12995.714285714286,381.11428571428587
5,28,3,12447.7,12085.25,362.4500000000007
2,12,21,18828.4,19137.710843373494,309.3108433734924
2,13,21,18025.8,18091.479452054795,65.67945205479555
9,18,3,12317.7,11444.596958174905,873.1030418250957
7,10,16,13464.4,14495.843137254902,1031.4431372549025
11,19,20,18344.8,19621.4,1276.6000000000022
6,22,2,13457.8,13194.194805194806,263.6051948051936
4,28,5,15803.2,14910.094339622641,893.1056603773595
2,8,2,14509.4,13692.0,817.3999999999996
1,27,3,14592.0,15470.333333333334,878.3333333333339
7,25,20,15525.2,16516.50342935528,991.303429355281
8,16,14,14485.4,13608.672131147541,876.7278688524584
10,2,15,14856.1,14798.347457627118,57.75254237288209
2,16,21,18353.5,19137.710843373494,784.2108433734938
11,18,6,15827.3,13866.142857142857,1961.1571428571424
8,27,3,12387.7,11562.595238095239,825.1047619047622
6,10,14,16299.8,16527.25,227.45000000000073
10,1,16,16137.9,14451.315151515151,1686.5848484848484
2,25,3,12215.6,12591.5,375.89999999999964
3,24,4,12841.3,12487.418604651162,353.88139534883703
2,26,3,12541.9,12402.2,139.6999999999989
2,26,2,12367.1,12487.418604651162,120.31860465116188
8,20,5,14129.5,12729.32142857143,1400.1785714285706
2,17,15,17258.9,17434.021978021978,175.12197802197625
3,24,2,13121.8,12729.32142857143,392.4785714285699
3,22,11,14481.3,14209.5,271.7999999999993
10,3,16,17510.7,17630.9,120.20000000000073
7,25,2,12400.1,12402.2,2.100000000000364
1,18,14,14212.1,14779.0,566.8999999999996
9,5,17,17891.2,17868.212765957447,22.98723404255361
2,14,2,13849.2,13803.695652173914,45.504347826086814
10,15,21,18275.4,19137.710843373494,862.3108433734924
4,25,1,12104.7,13519.0,1414.2999999999993
10,2,12,14365.5,14798.347457627118,432.8474576271183
2,10,21,17832.7,19137.710843373494,1305.0108433734931
10,2,16,17994.1,18448.315789473683,454.2157894736847
6,27,6,16129.1,14873.0,1256.1000000000004
1,20,3,15754.3,14934.222222222223,820.0777777777766
5,26,5,16544.4,14910.094339622641,1634.3056603773603
6,5,14,18632.4,17594.235294117647,1038.1647058823546
9,6,15,17513.7,18448.315789473683,934.6157894736825
8,26,6,15756.3,14873.0,883.2999999999993
11,25,21,16028.5,16482.314285714285,453.8142857142848
5,11,13,15883.2,16527.25,644.0499999999993
11,19,20,18901.3,19621.4,720.1000000000022
5,25,7,15923.6,15844.57142857143,79.02857142857101
11,20,18,18250.0,19621.4,1371.4000000000015
3,12,13,17785.2,16984.169230769232,801.0307692307688
11,28,20,17851.6,19621.4,1769.800000000003
5,15,13,15474.8,14376.5,1098.2999999999993
8,26,2,12352.8,12729.32142857143,376.5214285714301
11,29,20,18533.9,19621.4,1087.5
1,17,6,16295.9,15678.703703703704,617.1962962962953
11,15,20,19022.1,19621.4,599.3000000000029
6,19,14,13248.6,13608.672131147541,360.07213114754086
11,5,15,15661.2,14991.155172413793,670.0448275862072
10,9,4,13122.9,12265.167832167832,857.7321678321678
1,26,3,15258.3,14816.470588235294,441.8294117647056
5,26,2,12138.0,12729.32142857143,591.3214285714294
7,27,2,12566.8,12995.714285714286,428.91428571428696
3,22,14,16087.2,16217.912133891214,130.71213389121294
2,15,4,13828.2,13803.695652173914,24.504347826086814
8,13,8,13558.7,14063.5,504.7999999999993
4,2,21,18629.7,18082.833333333332,546.8666666666686
11,27,3,13969.8,13331.636363636364,638.1636363636353
10,12,21,18599.7,19137.710843373494,538.0108433734931
10,5,20,15658.3,15020.397003745318,637.902996254681
11,18,21,18235.3,18082.833333333332,152.46666666666715
2,26,3,12542.0,12729.32142857143,187.32142857142935
11,18,6,13774.1,12471.42857142857,1302.6714285714297
10,2,13,15434.8,14991.155172413793,443.6448275862058
7,27,3,14083.1,12995.714285714286,1087.3857142857141
8,5,22,19811.5,17022.166666666668,2789.333333333332
5,18,6,15289.5,13866.142857142857,1423.3571428571431
3,14,12,16314.2,16217.912133891214,96.28786610878706
7,25,13,17033.4,17564.526315789473,531.1263157894718
7,19,20,16886.6,17385.051020408162,498.45102040816346
2,26,4,12564.9,12487.418604651162,77.4813953488374
2,25,3,12530.3,12487.418604651162,42.88139534883703
3,20,12,13165.1,14410.133333333333,1245.0333333333328
3,21,4,14385.6,14043.931034482759,341.6689655172413
3,21,19,16261.5,17941.813636363637,1680.3136363636368
3,8,15,17723.3,17384.80769230769,338.4923076923078
7,26,1,12234.9,13651.6,1416.7000000000007
2,9,21,17843.6,15683.0,2160.5999999999985
4,26,3,13824.3,12729.32142857143,1094.97857142857
11,17,20,18637.4,19621.4,984.0
8,28,3,12707.2,11296.307692307691,1410.8923076923093
4,28,3,12966.7,12729.32142857143,237.37857142857138
3,14,11,12705.3,13608.672131147541,903.372131147542
2,12,8,16103.2,17950.355102040816,1847.155102040815
10,8,22,19494.7,17022.166666666668,2472.533333333333
3,10,13,17634.4,16217.912133891214,1416.4878661087878
3,23,4,13031.6,14408.625,1377.0249999999996
1,23,3,12385.5,12487.418604651162,101.91860465116224
2,7,5,15459.3,14125.666666666666,1333.6333333333332
8,25,12,15540.6,14798.347457627118,742.2525423728821
8,25,5,12966.3,11296.307692307691,1669.9923076923078
4,17,12,15518.5,14991.155172413793,527.3448275862065
8,28,4,12747.9,11296.307692307691,1451.5923076923082
3,25,2,12267.0,12995.714285714286,728.7142857142862
4,23,1,12769.6,12487.418604651162,282.1813953488381
3,9,14,17716.7,17384.80769230769,331.89230769230926
9,14,21,17078.9,16812.8,266.1000000000022
6,28,1,12680.6,14031.57142857143,1350.971428571429
11,21,21,18505.9,19137.710843373494,631.8108433734924
2,24,4,12459.6,12487.418604651162,27.818604651161877
8,18,3,12424.3,12995.714285714286,571.414285714287
10,10,21,19036.8,19137.710843373494,100.91084337349457
2,15,21,18564.6,19137.710843373494,573.1108433734953
10,12,22,19498.3,17490.833333333332,2007.4666666666672
2,12,5,15676.5,14024.75,1651.75
2,22,21,18785.6,19137.710843373494,352.1108433734953
11,9,16,17524.2,17189.76785714286,334.432142857142
5,29,2,13490.3,14482.6,992.3000000000011
7,9,21,18882.6,19137.710843373494,255.1108433734953
2,11,5,15424.2,14125.666666666666,1298.5333333333347
2,23,17,18486.2,18863.58064516129,377.3806451612909
2,25,4,15113.8,14408.0,705.7999999999993
11,16,21,18181.7,18775.2,593.5
9,15,1,13055.8,14043.931034482759,988.1310344827598
10,8,21,16773.5,16019.669144981413,753.8308550185866
3,2,5,14494.5,15470.333333333334,975.8333333333339
8,28,20,15472.8,16400.768707482992,927.9687074829926
5,26,2,11961.1,12025.882352941177,64.78235294117621
11,12,20,17372.8,16508.04,864.7599999999984
4,28,3,12836.4,12729.32142857143,107.07857142857029
11,13,20,16806.5,17941.813636363637,1135.3136363636368
7,28,15,13198.4,13922.066666666668,723.6666666666679
10,2,16,16650.3,16469.655172413793,180.6448275862058
6,27,1,13024.4,13519.0,494.60000000000036
11,22,4,12876.4,11719.131868131868,1157.2681318681316
2,10,17,18455.6,18863.58064516129,407.98064516129307
12,8,20,18145.6,19621.4,1475.800000000003
9,26,4,14657.8,14007.625,650.1749999999993
7,29,9,14456.8,15786.692307692309,1329.8923076923093
1,23,4,12498.5,12487.418604651162,11.08139534883776
7,6,19,13678.1,14656.597402597403,978.4974025974025
10,3,16,17272.2,15834.0,1438.2000000000007
4,13,3,14033.7,12731.635416666666,1302.0645833333347
3,17,14,17207.0,17434.021978021978,227.0219780219777
4,3,21,16056.5,16482.314285714285,425.8142857142848
11,17,5,13071.3,13101.223684210527,29.923684210527426
10,5,21,16096.2,16019.669144981413,76.53085501858732
10,22,4,12194.4,11734.843971631206,459.5560283687937
2,7,2,14272.4,13692.0,580.3999999999996
11,2,18,14437.2,15291.79411764706,854.5941176470587
9,7,22,19551.1,17022.166666666668,2528.9333333333307
5,24,6,12876.5,13817.5,941.0
10,4,21,16126.2,16019.669144981413,106.53085501858732
4,27,5,13538.3,15044.7,1506.4000000000015
11,14,21,18206.4,17652.285714285714,554.1142857142877
11,24,20,18286.0,19621.4,1335.4000000000015
11,23,20,18344.9,19621.4,1276.5
7,18,4,16038.5,14934.222222222223,1104.2777777777774
2,22,6,15562.7,15335.857142857143,226.8428571428576
10,3,16,16208.5,16469.655172413793,261.1551724137935
7,19,14,15825.0,15620.109375,204.890625
8,26,4,15279.3,15044.7,234.59999999999854
8,8,5,13274.1,12156.97247706422,1117.1275229357798
5,3,21,17970.0,18091.479452054795,121.47945205479482
5,16,13,15958.5,17531.516666666666,1573.0166666666664
5,5,21,15336.7,16019.669144981413,682.9691449814127
4,3,21,18766.8,19137.710843373494,370.9108433734946
9,28,4,14032.2,13367.0,665.2000000000007
7,16,19,16228.6,17385.051020408162,1156.4510204081616
2,12,17,18581.5,19447.615384615383,866.1153846153829
10,16,21,17275.5,16400.768707482992,874.7312925170081
11,24,5,12600.2,12509.444444444445,90.75555555555547
9,27,4,13319.2,12729.32142857143,589.8785714285714
11,11,20,16888.4,17167.09727626459,278.69727626458916
10,6,12,13719.6,14507.633333333333,788.0333333333328
10,9,21,19680.1,19137.710843373494,542.3891566265047
1,12,3,15394.3,14934.222222222223,460.07777777777665
4,28,13,16394.9,16026.5,368.40000000000146
8,18,3,13748.2,13278.192307692309,470.0076923076922
1,23,4,15111.8,14102.7,1009.0999999999985
2,4,13,17800.6,17478.40740740741,322.1925925925898
2,25,5,12762.0,12976.375,214.375
2,7,2,13994.8,13692.0,302.7999999999993
10,8,2,14036.8,14841.57142857143,804.7714285714301
2,16,19,18104.7,19621.4,1516.7000000000007
2,13,10,16942.8,16976.50909090909,33.709090909091174
10,9,13,16793.0,16478.45,314.5499999999993
10,1,17,18229.5,18448.315789473683,218.81578947368325
12,19,20,19101.2,19621.4,520.2000000000007
5,27,1,11953.0,13651.6,1698.6000000000004
7,27,2,12330.3,12729.32142857143,399.0214285714301
8,17,3,13844.0,14043.931034482759,199.93103448275906
2,23,5,12783.3,13037.777777777777,254.4777777777781
8,25,1,11986.5,12402.2,415.7000000000007
6,3,21,18991.3,19137.710843373494,146.41084337349457
6,24,1,13220.4,12981.469135802468,238.93086419753126
8,25,2,12108.4,11562.595238095239,545.8047619047611
4,24,10,17115.8,18571.64864864865,1455.8486486486509
4,2,22,18989.3,17022.166666666668,1967.1333333333314
5,3,22,19112.0,17022.166666666668,2089.833333333332
8,1,17,17530.9,17868.212765957447,337.31276595744566
3,19,14,17243.7,17384.80769230769,141.10769230769074
3,22,3,13191.6,15649.166666666666,2457.5666666666657
11,23,20,18188.2,19621.4,1433.2000000000007
4,14,1,13341.2,12906.290502793296,434.90949720670505
11,14,21,18426.3,19137.710843373494,711.4108433734946
10,3,17,15279.4,16770.8,1491.3999999999996
6,4,22,17289.2,15694.15,1595.050000000001
4,21,10,12651.2,13608.672131147541,957.4721311475405
7,24,4,13177.4,12534.0,643.3999999999996
9,9,21,18886.3,19137.710843373494,251.41084337349457
12,20,13,17276.2,17189.76785714286,86.43214285714203
3,19,8,14411.2,14425.4,14.199999999998909
11,21,10,15945.7,15570.037974683544,375.6620253164565
4,21,15,12636.8,11810.0,826.7999999999993
2,6,13,17178.5,16752.77142857143,425.72857142857174
3,24,15,17701.2,17384.80769230769,316.39230769230926
4,7,16,17471.6,17950.355102040816,478.7551020408173
2,25,4,12916.5,12487.418604651162,429.08139534883776
5,18,18,18411.8,19621.4,1209.6000000000022
7,28,2,13594.0,14007.625,413.625
2,12,15,18033.8,17215.875,817.9249999999993
3,24,4,12327.8,12025.882352941177,301.9176470588227
11,7,14,15629.3,14991.155172413793,638.1448275862058
8,1,13,14550.9,15216.666666666666,665.7666666666664
6,12,5,14641.8,14126.52380952381,515.2761904761901
8,10,8,15486.0,17478.40740740741,1992.4074074074088
11,22,21,18621.6,19137.710843373494,516.1108433734953
2,10,21,18343.0,19137.710843373494,794.7108433734938
3,6,12,17539.7,16752.77142857143,786.9285714285725
8,6,16,17174.3,16986.454545454544,187.84545454545514
1,13,4,15359.5,14125.666666666666,1233.833333333334
12,15,20,17971.6,18769.821969696968,798.2219696969696
10,23,3,12634.4,12468.904494382023,165.49550561797696
10,15,21,18245.1,17652.285714285714,592.8142857142848
7,1,12,14403.7,16892.315789473683,2488.6157894736825
5,23,5,12959.8,14357.153846153846,1397.3538461538465
11,25,11,17205.9,17189.76785714286,16.132142857142753
1,12,3,14700.6,13692.0,1008.6000000000004
4,28,5,16961.1,14910.094339622641,2051.0056603773573
11,14,21,15999.0,16657.152173913044,658.152173913044
2,23,4,12711.2,12591.5,119.70000000000073
2,18,8,13367.9,13608.672131147541,240.7721311475416
11,24,8,13029.9,15134.57142857143,2104.6714285714297
12,24,12,16710.5,17189.76785714286,479.2678571428587
2,20,6,16313.6,15678.703703703704,634.896296296296
11,5,14,15923.1,15570.037974683544,353.06202531645613
5,20,2,12228.2,12487.418604651162,259.2186046511615
7,14,20,13374.8,16078.056768558952,2703.256768558953
2,16,7,15761.9,16358.714285714286,596.8142857142866
2,12,2,14557.4,15350.714285714286,793.3142857142866
11,20,20,18881.7,19621.4,739.7000000000007
9,9,5,13289.1,12571.684210526315,717.4157894736854
7,25,3,12322.4,11562.595238095239,759.8047619047611
11,10,14,16078.3,15522.296296296296,556.0037037037036
9,28,3,16176.1,14910.094339622641,1266.0056603773592
1,20,4,14928.8,14102.7,826.0999999999985
3,19,14,17471.1,17384.80769230769,86.29230769230708
10,2,14,14892.5,14798.347457627118,94.15254237288173
10,4,21,16258.0,16019.669144981413,238.3308550185866
8,8,21,19225.9,19137.710843373494,88.18915662650761
8,21,16,14821.0,16151.527777777777,1330.5277777777774
10,2,12,14801.2,14798.347457627118,2.8525423728824535
6,25,2,12236.5,12025.882352941177,210.61764705882342
8,22,19,17640.4,19621.4,1981.0
3,22,2,12874.0,14273.62962962963,1399.6296296296296
5,29,1,11800.7,12031.34429065744,230.64429065743934
9,11,20,16804.5,16400.768707482992,403.7312925170081
9,14,4,13158.6,12468.904494382023,689.6955056179777
8,6,16,16633.3,16527.25,106.04999999999927
3,25,2,12382.6,12995.714285714286,613.1142857142859
4,14,13,15779.1,15620.109375,158.99062500000036
2,17,19,17933.3,19621.4,1688.1000000000022
7,27,3,12500.8,12729.32142857143,228.52142857143008
10,27,12,13106.7,14991.536679536679,1884.8366795366783
6,26,2,11850.7,12487.418604651162,636.7186046511615
10,18,20,15915.8,16516.50342935528,600.7034293552824
10,12,7,12908.3,12926.444444444445,18.14444444444598
12,23,12,17520.3,17189.76785714286,330.53214285714057
5,27,14,18048.7,17384.80769230769,663.8923076923093
11,24,19,17818.9,19621.4,1802.5
7,22,3,15124.7,14816.470588235294,308.22941176470704
9,26,4,13837.4,13194.194805194806,643.205194805194
6,26,1,11960.1,12996.625,1036.5249999999996
9,7,22,19958.3,17022.166666666668,2936.1333333333314
7,24,3,12292.4,11562.595238095239,729.8047619047611
2,11,21,17725.7,19132.555555555555,1406.855555555554
9,7,21,17984.7,18091.479452054795,106.77945205479409
2,8,18,17478.9,18087.375,608.4749999999985
9,24,5,13764.5,13460.5,304.0
10,28,20,17681.8,19621.4,1939.6000000000022
8,8,21,19198.1,19137.710843373494,60.3891566265047
2,23,6,12729.2,12602.5,126.70000000000073
11,12,21,19657.2,19137.710843373494,519.4891566265069
8,18,7,13318.6,12871.4,447.2000000000007
2,18,19,18020.3,19621.4,1601.1000000000022
3,16,11,13589.4,13608.672131147541,19.272131147541586
2,8,3,14892.2,13692.0,1200.2000000000007
6,28,4,13800.4,12487.418604651162,1312.9813953488374
2,19,20,18100.5,19621.4,1520.9000000000015
2,25,4,15267.6,14408.0,859.6000000000004
6,28,1,13531.2,14031.57142857143,500.3714285714286
5,25,1,13630.7,14031.57142857143,400.8714285714286
6,12,16,13192.9,14495.843137254902,1302.9431372549025
2,15,1,13637.7,14188.333333333334,550.6333333333332
9,19,5,13828.6,13194.194805194806,634.4051948051947
8,26,3,12346.9,11562.595238095239,784.3047619047611
10,2,13,15350.0,14991.155172413793,358.8448275862065
11,17,21,18623.7,19137.710843373494,514.0108433734931
8,26,4,12832.7,11296.307692307691,1536.3923076923093
3,14,16,18030.9,17384.80769230769,646.09230769231
8,9,22,19731.8,17490.833333333332,2240.966666666667
8,20,15,14235.7,14906.73417721519,671.0341772151896
11,5,17,15143.2,15291.79411764706,148.59411764705874
3,25,4,14076.0,13696.25,379.75
10,2,18,18498.2,15834.0,2664.2000000000007
11,15,20,17735.0,19621.4,1886.4000000000015
3,24,2,13122.8,14273.62962962963,1150.8296296296303
3,22,8,15863.4,17950.355102040816,2086.955102040816
6,30,4,13189.0,13164.833333333334,24.16666666666606
12,11,18,18467.6,18348.184210526317,119.4157894736818
11,17,20,18804.0,19621.4,817.4000000000015
6,3,22,19436.3,17022.166666666668,2414.1333333333314
11,16,21,18024.7,15683.0,2341.7000000000007
1,9,2,14637.6,14024.75,612.8500000000004
6,26,2,14048.6,14021.794871794871,26.805128205129222
2,10,17,18855.3,19447.615384615383,592.3153846153837
12,25,13,17679.4,17189.76785714286,489.63214285714275
10,25,11,15035.3,14609.6,425.6999999999989
7,23,13,17652.8,17384.80769230769,267.9923076923078
8,26,17,17362.6,19181.0,1818.4000000000015
8,21,10,14188.5,14906.73417721519,718.2341772151904
9,9,15,16402.3,16469.655172413793,67.35517241379421
5,3,20,18231.4,19015.63888888889,784.238888888889
8,23,12,15181.6,14991.155172413793,190.44482758620688
2,12,17,18605.7,19447.615384615383,841.9153846153822
5,18,20,18923.0,19621.4,698.4000000000015
5,20,12,15462.9,14376.5,1086.3999999999996
4,20,20,18181.5,19621.4,1439.9000000000015
4,27,3,12771.0,12402.2,368.7999999999993
10,3,14,15151.0,14991.155172413793,159.84482758620652
4,15,15,18457.8,16984.169230769232,1473.6307692307673
11,24,20,17025.2,16394.14285714286,631.057142857142
3,23,14,17016.9,17434.021978021978,417.12197802197625
3,3,20,17889.3,18769.821969696968,880.5219696969689
3,18,2,13329.0,13563.855421686747,234.85542168674692
6,28,2,12811.5,12995.714285714286,184.21428571428623
8,24,1,12228.0,13519.0,1291.0
8,25,16,17462.8,17384.80769230769,77.9923076923078
10,3,17,17822.6,17868.212765957447,45.61276595744857
4,27,16,15406.1,16267.108695652174,861.0086956521736
4,3,22,19153.7,17022.166666666668,2131.533333333333
7,27,2,12076.4,12995.714285714286,919.3142857142866
10,2,14,15583.2,14991.155172413793,592.0448275862072
2,14,16,18277.6,17384.80769230769,892.7923076923071
10,3,16,16852.5,16469.655172413793,382.8448275862065
9,25,3,15813.9,14910.094339622641,903.8056603773584
6,11,5,13299.4,12906.290502793296,393.10949720670396
2,18,15,17884.5,17384.80769230769,499.69230769230853
12,11,18,18387.6,18348.184210526317,39.4157894736818
11,23,20,18253.1,19621.4,1368.300000000003
10,1,11,14473.8,14073.818181818182,399.9818181818173
9,3,17,17261.1,17868.212765957447,607.1127659574486
12,11,18,18379.9,18348.184210526317,31.71578947368471
11,22,20,18558.3,19621.4,1063.1000000000022
11,3,8,14681.0,14798.347457627118,117.34745762711827
1,11,2,14441.4,13837.4,604.0
10,2,15,16552.1,14451.315151515151,2100.7848484848473
4,2,21,18876.6,18082.833333333332,793.7666666666664
10,3,14,14883.3,14798.347457627118,84.952542372881
1,12,3,15021.4,13837.4,1184.0
10,3,17,17649.3,17868.212765957447,218.91276595744785
11,2,10,14483.1,14798.347457627118,315.2474576271179
9,26,2,12021.6,11057.707317073171,963.8926829268294
6,19,13,15246.1,14798.347457627118,447.7525423728821
11,9,15,17335.7,17189.76785714286,145.93214285714203
2,11,6,15770.4,14873.0,897.3999999999996
2,11,21,18740.8,19132.555555555555,391.7555555555555
3,17,11,17437.9,17384.80769230769,53.09230769230999
12,20,12,17162.9,17189.76785714286,26.867857142857247
2,12,5,15802.3,14024.75,1777.5499999999993
10,8,14,14767.5,14798.347457627118,30.847457627118274
4,22,12,13029.3,14410.133333333333,1380.833333333334
4,11,17,13306.8,13428.689655172413,121.88965517241377
2,23,5,15079.1,14720.263157894737,358.8368421052637
8,25,7,14300.2,13607.6,692.6000000000004
11,13,16,14204.9,16657.152173913044,2452.2521739130443
10,27,21,15469.8,15544.08888888889,74.28888888889014
2,8,11,16883.8,17009.090909090908,125.29090909090883
6,29,5,14271.9,15008.8,736.8999999999996
11,26,20,18441.0,19621.4,1180.4000000000015
11,26,20,18430.0,19621.4,1191.4000000000015
2,5,5,15458.1,14125.666666666666,1332.4333333333343
2,4,13,17696.4,17950.355102040816,253.95510204081438
12,12,7,16054.7,14075.333333333334,1979.3666666666668
2,10,13,15963.7,15570.037974683544,393.6620253164565
9,15,1,12887.5,14043.931034482759,1156.431034482759
2,9,21,17937.3,17919.962962962964,17.33703703703577
1,8,2,14692.4,14125.666666666666,566.7333333333336
3,15,3,13566.3,13563.855421686747,2.44457831325235
6,30,2,12327.1,12085.25,241.85000000000036
6,27,1,12468.5,12791.1,322.60000000000036
7,26,2,12299.1,12995.714285714286,696.6142857142859
12,13,13,15484.4,15953.217391304348,468.81739130434835
2,10,2,14562.0,13692.0,870.0
2,9,14,16384.4,16976.50909090909,592.109090909089
2,22,8,14763.3,17161.625,2398.3250000000007
10,27,21,15667.9,16019.669144981413,351.7691449814138
12,6,20,17724.2,18769.821969696968,1045.6219696969674
9,1,17,17934.4,17868.212765957447,66.18723404255434
2,9,20,18344.4,19621.4,1277.0
8,28,2,12862.6,14043.931034482759,1181.3310344827587
4,28,15,17547.3,17384.80769230769,162.4923076923078
8,8,22,19437.6,17022.166666666668,2415.4333333333307
4,20,14,17379.7,17384.80769230769,5.107692307690741
11,14,21,18871.1,19137.710843373494,266.6108433734953
12,11,18,18430.0,18348.184210526317,81.81578947368325
4,19,16,12761.4,11810.0,951.3999999999996
11,20,13,13295.5,15779.666666666666,2484.166666666666
8,23,12,15561.0,14991.155172413793,569.8448275862065
5,28,1,12983.5,14043.931034482759,1060.431034482759
9,2,15,14545.2,14467.16037735849,78.0396226415105
6,26,8,13421.1,14609.6,1188.5
11,3,11,14801.6,14798.347457627118,3.2525423728820897
3,14,16,18516.2,16984.169230769232,1532.0307692307688
7,8,2,13695.4,14245.71590909091,550.3159090909103
2,21,3,12920.7,13015.333333333334,94.63333333333321
9,4,16,15847.0,16469.655172413793,622.6551724137935
5,23,13,13092.9,13608.672131147541,515.7721311475416
9,23,9,12542.3,14023.265625,1480.9656250000007
7,23,5,13421.2,12729.32142857143,691.8785714285714
1,16,5,13855.0,15044.7,1189.7000000000007
9,5,19,15599.5,15020.397003745318,579.1029962546818
12,18,19,18607.5,19621.4,1013.9000000000015
2,22,3,12087.6,12902.027777777777,814.427777777777
7,19,5,12869.4,12729.32142857143,140.07857142857029
10,1,13,15317.9,14991.155172413793,326.74482758620616
10,3,16,17486.0,18448.315789473683,962.3157894736833
12,16,20,18848.3,20162.125,1313.8250000000007
12,21,20,18736.6,19621.4,884.8000000000029
9,1,14,15702.5,14451.315151515151,1251.1848484848488
11,12,21,18613.2,19137.710843373494,524.5108433734931
10,21,19,19392.7,19551.5625,158.86249999999927
8,24,2,12412.7,12409.166666666666,3.5333333333346673
9,2,18,17518.5,17630.9,112.40000000000146
9,26,12,12956.9,14299.711111111112,1342.811111111112
10,19,14,14614.4,14991.155172413793,376.75517241379384
7,25,3,12232.8,11562.595238095239,670.2047619047607
11,19,20,18194.9,19621.4,1426.5
10,6,21,17356.3,16812.8,543.5
2,23,3,12791.9,12487.418604651162,304.4813953488374
8,5,15,14720.7,14507.633333333333,213.06666666666752
6,5,13,15563.6,14655.470715835141,908.1292841648592
11,3,8,14581.6,14798.347457627118,216.7474576271179
6,29,3,12557.9,12085.25,472.64999999999964
2,26,3,12559.6,12402.2,157.39999999999964
2,9,5,15521.4,14024.75,1496.6499999999996
10,8,4,13519.7,13194.194805194806,325.50519480519506
6,27,1,11920.7,13651.6,1730.8999999999996
10,9,13,16689.8,16478.45,211.34999999999854
10,1,14,15193.6,14073.818181818182,1119.7818181818184
2,17,17,18429.7,18863.58064516129,433.8806451612909
12,21,13,17634.5,17189.76785714286,444.7321428571413
4,26,5,16232.4,14934.222222222223,1298.177777777777
1,8,2,13986.1,13692.0,294.10000000000036
11,21,21,18662.6,19137.710843373494,475.1108433734953
2,14,17,18432.4,18863.58064516129,431.18064516129016
1,20,3,12658.7,12487.418604651162,171.2813953488385
1,18,3,15530.7,14125.666666666666,1405.0333333333347
9,7,16,15911.5,15620.109375,291.390625
3,18,11,13305.8,13608.672131147541,302.87213114754195
5,28,19,14635.0,16516.50342935528,1881.5034293552817
10,2,12,14688.7,14798.347457627118,109.64745762711755
11,15,7,14339.6,13792.4,547.2000000000007
5,3,22,19442.5,17022.166666666668,2420.333333333332
10,15,20,18360.8,19621.4,1260.6000000000022
5,27,2,12255.4,12729.32142857143,473.9214285714297
1,7,3,14773.3,14024.75,748.5499999999993
3,16,3,13520.0,13563.855421686747,43.85542168674692
8,13,15,16166.5,16986.454545454544,819.9545454545441
9,18,5,13814.9,13411.176470588236,403.7235294117636
6,7,13,15043.1,14991.155172413793,51.944827586206884
6,15,13,15574.8,14991.155172413793,583.6448275862058
10,6,20,15024.3,15020.397003745318,3.9029962546810566
2,24,4,11984.3,12025.882352941177,41.582352941177305
6,27,2,12189.4,12085.25,104.14999999999964
5,17,16,14310.2,14495.843137254902,185.64313725490138
11,16,21,18165.8,17652.285714285714,513.5142857142855
9,25,4,15364.3,14125.666666666666,1238.6333333333332
11,24,21,17776.8,18775.2,998.4000000000015
9,21,4,13851.6,13194.194805194806,657.4051948051947
11,12,12,16034.7,15570.037974683544,464.6620253164565
10,11,15,15238.4,14798.347457627118,440.05254237288136
1,8,3,15183.6,14125.666666666666,1057.9333333333343
2,10,2,14565.8,13692.0,873.7999999999993
2,14,16,18060.2,17215.875,844.3250000000007
11,18,20,18083.4,19621.4,1538.0
10,2,16,17041.0,16469.655172413793,571.3448275862065
3,10,14,17788.6,16984.169230769232,804.4307692307666
3,18,9,13126.7,14209.5,1082.7999999999993
7,26,3,13182.8,12729.32142857143,453.4785714285699
4,2,21,18776.6,19137.710843373494,361.1108433734953
9,8,17,16687.0,16400.768707482992,286.2312925170081
2,9,5,15967.6,14125.666666666666,1841.9333333333343
1,8,3,15641.3,14125.666666666666,1515.6333333333332
5,25,5,17007.6,14910.094339622641,2097.5056603773573
10,8,21,15873.6,16019.669144981413,146.06914498141305
9,8,6,13543.8,14422.0,878.2000000000007
8,13,21,14924.0,15544.08888888889,620.0888888888894
8,14,18,14230.6,14340.75,110.14999999999964
9,16,15,17018.4,17818.727272727272,800.3272727272706
12,10,18,18148.7,18348.184210526317,199.48421052631602
4,21,13,15753.7,17564.526315789473,1810.8263157894726
9,6,18,14757.1,15965.949152542373,1208.8491525423724
8,26,11,17088.2,17384.80769230769,296.60769230769074
10,3,16,17196.0,17630.9,434.90000000000146
9,15,7,13518.8,12871.4,647.3999999999996
6,6,15,16441.2,16986.454545454544,545.2545454545434
2,10,17,18351.5,18863.58064516129,512.0806451612916
4,24,6,12909.9,13817.5,907.6000000000004
6,27,2,12887.0,12487.418604651162,399.58139534883776
12,22,13,17703.9,17189.76785714286,514.1321428571428
11,14,10,16132.3,15570.037974683544,562.262025316455
11,4,14,15424.7,14991.155172413793,433.54482758620725
9,22,4,15589.2,14850.42857142857,738.7714285714301
8,26,8,13066.9,13785.857142857143,718.9571428571435
10,11,21,19171.1,19137.710843373494,33.3891566265047
9,2,14,14754.5,14798.347457627118,43.847457627118274
5,26,2,12144.5,12729.32142857143,584.8214285714294
3,5,17,17006.0,18219.06557377049,1213.065573770491
6,17,15,15788.5,14655.470715835141,1133.0292841648588
5,4,13,14572.6,14655.470715835141,82.8707158351408
5,28,3,13200.8,12487.418604651162,713.381395348837
2,8,8,17686.8,17408.929824561405,277.87017543859474
5,27,2,12207.8,12729.32142857143,521.5214285714301
7,20,14,13882.3,13608.672131147541,273.62786885245805
11,3,20,17182.1,17941.813636363637,759.7136363636382
5,24,1,12588.1,14043.931034482759,1455.8310344827587
4,2,22,19031.2,17022.166666666668,2009.0333333333328
8,24,1,13682.2,14273.62962962963,591.4296296296288
3,24,15,17070.6,17434.021978021978,363.42197802197916
3,23,3,12228.1,12487.418604651162,259.3186046511619
2,24,8,15668.4,17950.355102040816,2281.955102040816
9,3,20,14618.1,15020.397003745318,402.29700374531785
8,6,15,16838.1,16986.454545454544,148.3545454545456
3,5,21,18384.7,19137.710843373494,753.0108433734931
2,24,6,13471.4,12602.5,868.8999999999996
9,1,18,18047.8,17868.212765957447,179.58723404255215
11,20,21,18841.1,19137.710843373494,296.6108433734953
9,13,21,15873.7,16400.768707482992,527.0687074829912
2,10,7,17535.2,16456.785714285714,1078.414285714287
7,6,22,19249.0,17022.166666666668,2226.833333333332
5,28,2,12402.0,13015.333333333334,613.3333333333339
2,22,8,17417.1,17950.355102040816,533.2551020408173
9,2,14,14750.6,14451.315151515151,299.28484848484914
8,28,12,13573.1,13922.066666666668,348.96666666666715
3,18,11,17784.9,17950.355102040816,165.45510204081438
5,26,6,13968.3,13876.833333333334,91.46666666666533
11,4,11,15391.2,15198.566037735849,192.6339622641517
9,6,14,17534.1,18448.315789473683,914.2157894736847
9,4,15,16066.0,16469.655172413793,403.6551724137935
10,4,16,15833.5,16146.882352941177,313.3823529411766
10,2,16,15320.8,15620.109375,299.3093750000007
9,7,19,14166.9,15020.397003745318,853.4970037453186
5,27,12,17391.5,17384.80769230769,6.692307692308532
9,7,5,13352.4,12571.684210526315,780.7157894736847
1,15,3,15333.9,14816.470588235294,517.429411764706
5,7,20,17545.3,18769.821969696968,1224.5219696969689
7,3,21,18500.8,19137.710843373494,636.9108433734946
10,2,17,17939.2,17868.212765957447,70.98723404255361
3,8,21,17855.0,19137.710843373494,1282.7108433734938
9,22,5,12337.1,11057.707317073171,1279.3926829268294
8,21,4,12809.2,12402.2,407.0
9,15,3,15198.8,14125.666666666666,1073.1333333333332
1,18,3,15290.8,14125.666666666666,1165.1333333333332
3,21,14,17236.1,17384.80769230769,148.70769230769292
8,23,2,12415.1,12729.32142857143,314.221428571429
7,6,18,16085.5,15887.055944055945,198.44405594405544
11,20,6,13709.0,13465.888888888889,243.1111111111113
10,25,21,15140.9,15544.08888888889,403.1888888888898
4,27,3,12807.8,15044.7,2236.9000000000015
6,26,7,16247.8,15844.57142857143,403.2285714285699
10,27,3,14062.4,13367.0,695.3999999999996
7,24,1,11937.1,12996.625,1059.5249999999996
8,6,21,19036.7,19137.710843373494,101.01084337349312
4,19,3,12812.7,12031.34429065744,781.3557093425607
10,2,17,14765.0,15779.638554216868,1014.6385542168682
1,15,5,15487.3,14125.666666666666,1361.6333333333332
6,16,2,14445.1,14934.222222222223,489.12222222222226
9,14,20,16407.2,16516.50342935528,109.30342935528097
11,18,21,19019.5,19137.710843373494,118.21084337349384
2,10,3,12997.7,12265.167832167832,732.5321678321689
11,14,20,18152.0,19545.91489361702,1393.9148936170204
10,14,19,14961.0,15020.397003745318,59.397003745318216
7,25,2,12475.1,12995.714285714286,520.6142857142859
11,14,20,16864.9,17941.813636363637,1076.9136363636353
6,26,16,13253.4,14299.711111111112,1046.311111111112
2,18,9,15731.1,17950.355102040816,2219.2551020408155
2,12,2,14642.0,14816.470588235294,174.4705882352937
6,26,2,11970.3,12402.2,431.90000000000146
2,25,5,12995.8,12902.027777777777,93.7722222222219
6,28,18,17039.2,19015.63888888889,1976.4388888888898
12,13,10,16150.5,17189.76785714286,1039.2678571428587
6,21,14,17403.1,17384.80769230769,18.292307692307077
10,18,16,14404.4,13519.0,885.3999999999996
3,9,22,18498.1,18755.25,257.15000000000146
9,25,5,13357.0,12729.32142857143,627.6785714285706
2,25,4,13308.4,12976.375,332.02499999999964
7,25,14,16433.9,18121.492537313432,1687.5925373134305
10,8,5,13695.6,13194.194805194806,501.4051948051947
5,26,16,14848.5,16151.527777777777,1303.0277777777774
2,22,21,18179.3,19132.555555555555,953.2555555555555
10,2,9,14255.6,14798.347457627118,542.7474576271179
6,23,13,16177.1,17041.125,864.0249999999996
10,5,15,14808.2,14467.16037735849,341.0396226415105
9,14,16,13358.2,14299.711111111112,941.511111111111
5,27,1,12009.6,12487.418604651162,477.8186046511619
12,11,7,14811.6,14360.5,451.10000000000036
1,16,4,15186.6,14208.75,977.8500000000004
12,10,16,15840.4,16956.678571428572,1116.2785714285728
2,23,21,18143.0,19132.555555555555,989.5555555555547
5,22,11,15358.7,14655.470715835141,703.2292841648596
3,24,3,12117.9,12487.418604651162,369.5186046511626
11,2,14,14989.8,14798.347457627118,191.452542372881
2,4,13,17331.1,16752.77142857143,578.3285714285703
4,18,14,17427.7,17384.80769230769,42.89230769230926
9,6,16,17693.3,18448.315789473683,755.015789473684
7,10,15,16284.0,16991.006134969324,707.0061349693242
11,22,19,18317.6,19621.4,1303.800000000003
7,25,1,12122.0,13519.0,1397.0
6,23,13,16051.2,17531.516666666666,1480.3166666666657
2,9,15,18053.8,17215.875,837.9249999999993
10,10,21,18339.7,17652.285714285714,687.414285714287
11,26,3,14179.2,14720.263157894737,541.0631578947359
2,11,20,17674.9,18769.821969696968,1094.9219696969667
1,7,3,14859.6,14125.666666666666,733.9333333333343
4,2,21,18684.0,18775.2,91.20000000000073
5,4,22,19245.5,17022.166666666668,2223.333333333332
2,12,13,16755.2,16976.50909090909,221.30909090908972
4,14,14,16201.1,16986.454545454544,785.3545454545438
8,22,3,12637.7,12729.32142857143,91.62142857142862
2,13,21,18794.9,19137.710843373494,342.8108433734924
3,10,10,15647.9,15568.034503271861,79.86549672813817
10,8,16,14562.4,14991.155172413793,428.75517241379384
10,2,10,14358.0,14798.347457627118,440.3474576271183
3,19,14,17384.6,17384.80769230769,0.20769230769292335
10,3,15,18319.6,18079.5,240.09999999999854
1,12,2,14313.0,13692.0,621.0
11,20,20,19200.2,19621.4,421.2000000000007
8,28,1,12508.8,12791.1,282.3000000000011
5,13,15,13012.5,13608.672131147541,596.1721311475412
2,26,3,12679.5,12487.418604651162,192.08139534883776
9,4,16,17146.8,18448.315789473683,1301.515789473684
9,2,16,17263.8,15652.083333333334,1611.7166666666653
1,27,3,14843.3,15470.333333333334,627.0333333333347
12,13,5,14210.5,13412.57142857143,797.9285714285706
8,26,13,15790.5,14991.155172413793,799.3448275862065
5,21,13,15906.5,17160.777777777777,1254.2777777777774
6,17,13,15672.9,16527.25,854.3500000000004
4,13,14,15607.7,14235.904761904761,1371.7952380952393
11,21,20,18885.3,19621.4,736.1000000000022
8,17,7,13162.2,14391.0859375,1228.8859374999993
11,13,21,18761.0,19137.710843373494,376.71084337349384
6,17,11,15054.7,14655.470715835141,399.22928416485956
5,15,11,15032.5,14235.904761904761,796.5952380952385
12,16,19,18351.3,19621.4,1270.1000000000022
9,4,17,17558.6,17868.212765957447,309.6127659574486
10,14,19,14467.3,15020.397003745318,553.097003745319
8,4,15,15465.2,14655.470715835141,809.7292841648596
11,9,16,15950.5,14991.155172413793,959.3448275862065
10,3,14,14150.6,14507.633333333333,357.03333333333285
6,26,1,12117.3,13519.0,1401.7000000000007
3,24,2,13001.4,14021.794871794871,1020.3948717948715
2,17,16,18067.9,17215.875,852.0250000000015
2,13,5,16260.5,14125.666666666666,2134.833333333334
4,20,14,17303.0,17384.80769230769,81.80769230769147
2,20,5,13403.2,12995.714285714286,407.4857142857145
10,3,20,15678.9,15020.397003745318,658.5029962546814
12,23,13,17715.2,18012.0,296.7999999999993
4,28,2,12226.0,12729.32142857143,503.32142857142935
2,23,16,18502.3,17215.875,1286.4249999999993
3,25,2,12484.0,12729.32142857143,245.32142857142935
10,3,17,16637.3,17868.212765957447,1230.9127659574478
12,11,11,16317.8,17189.76785714286,871.9678571428594
3,17,12,12716.5,13608.672131147541,892.1721311475412
12,25,12,17711.3,18012.0,300.7000000000007
7,28,3,13894.3,15008.8,1114.5
11,3,9,14527.1,14798.347457627118,271.2474576271179
7,21,20,18925.7,19621.4,695.7000000000007
2,15,18,18343.7,19621.4,1277.7000000000007
11,17,20,18148.2,19165.30769230769,1017.1076923076907
2,6,3,14254.2,15470.333333333334,1216.1333333333332
9,18,1,12893.0,14043.931034482759,1150.931034482759
3,3,14,16412.1,16217.912133891214,194.18786610878487
9,20,4,14066.3,13908.944444444445,157.35555555555402
3,12,8,17598.2,17950.355102040816,352.1551020408151
3,20,15,13311.2,13608.672131147541,297.4721311475405
10,2,11,15021.4,14798.347457627118,223.05254237288136
2,6,21,17836.6,19137.0,1300.4000000000015
6,27,4,16318.1,14910.094339622641,1408.0056603773592
12,17,20,18185.0,19621.4,1436.4000000000015
12,22,13,17378.6,17189.76785714286,188.83214285713984
5,27,2,11991.5,12487.418604651162,495.91860465116224
11,2,13,14675.1,14798.347457627118,123.24745762711791
9,7,4,13501.2,12981.469135802468,519.7308641975324
5,27,20,15009.7,16516.50342935528,1506.803429355281
9,26,5,13792.4,12729.32142857143,1063.0785714285703
4,27,2,12639.4,12354.75,284.64999999999964
6,13,14,16525.8,17196.222222222223,670.4222222222234
1,11,4,15866.0,14125.666666666666,1740.333333333334
2,22,6,15377.9,15335.857142857143,42.04285714285652
11,3,13,15113.7,14798.347457627118,315.35254237288245
8,18,20,16087.9,16516.50342935528,428.60342935528206
10,8,16,15099.4,16146.882352941177,1047.482352941177
8,28,2,13122.6,14043.931034482759,921.3310344827587
2,4,3,14395.1,15470.333333333334,1075.2333333333336
2,15,21,17893.9,19137.710843373494,1243.8108433734924
2,11,17,18628.5,18863.58064516129,235.0806451612916
11,20,21,16006.2,16019.669144981413,13.469144981412683
11,5,18,15276.8,15449.371308016878,172.5713080168789
10,2,16,17568.4,17630.9,62.5
6,24,3,12471.5,11444.596958174905,1026.903041825095
2,16,7,12764.7,13573.0,808.2999999999993
3,13,3,15444.3,14934.222222222223,510.07777777777665
11,8,21,17669.3,18091.479452054795,422.17945205479555
7,9,13,17522.9,18414.153846153848,891.2538461538461
9,12,21,16926.1,16812.8,113.29999999999927
7,27,1,12210.5,13519.0,1308.5
8,12,6,12960.0,12758.25,201.75
2,20,7,13060.1,14664.5,1604.3999999999996
6,28,3,12334.3,11296.307692307691,1037.9923076923078
2,19,3,12419.4,12487.418604651162,68.0186046511626
3,23,12,14587.7,13927.75,659.9500000000007
10,23,20,14094.2,15020.397003745318,926.1970037453175
11,9,18,18571.3,19621.4,1050.1000000000022
12,7,14,16263.8,15808.234567901234,455.5654320987651
5,3,21,18847.6,18082.833333333332,764.7666666666664
8,29,16,17577.6,16977.81818181818,599.7818181818184
9,1,17,17502.4,17868.212765957447,365.81276595744566
3,25,1,12180.8,13519.0,1338.2000000000007
3,7,2,14325.9,14126.52380952381,199.37619047619046
6,3,16,16055.9,15415.941176470587,639.9588235294123
11,25,21,15126.3,16098.875,972.5750000000007
1,15,5,15841.1,14024.75,1816.3500000000004
10,8,15,15507.2,14655.470715835141,851.7292841648596
11,15,17,18387.0,18863.58064516129,476.5806451612916
8,12,15,14122.3,13705.0,417.2999999999993
11,14,21,18119.0,18082.833333333332,36.16666666666788
11,21,20,18739.1,19621.4,882.3000000000029
8,27,7,14154.7,13607.6,547.1000000000004
4,23,14,16567.2,15936.488372093023,630.7116279069778
9,16,11,14663.8,14507.633333333333,156.16666666666606
8,25,11,15269.8,14991.155172413793,278.6448275862058
12,22,15,18133.7,17189.76785714286,943.932142857142
11,27,20,17907.4,19621.4,1714.0
2,26,8,12814.2,14092.6,1278.3999999999996
3,24,2,12747.8,12995.714285714286,247.91428571428696
4,3,22,19542.0,17022.166666666668,2519.833333333332
11,2,12,14576.8,14798.347457627118,221.547457627119
11,14,20,16028.0,16657.152173913044,629.152173913044
9,22,5,12213.0,11057.707317073171,1155.292682926829
6,12,13,15318.5,14991.155172413793,327.3448275862065
9,2,16,17639.9,17630.9,9.0
7,10,1,12582.7,12031.34429065744,551.3557093425607
2,12,17,18708.1,19447.615384615383,739.5153846153844
11,11,22,19555.4,17490.833333333332,2064.5666666666693
9,6,21,19033.9,19137.710843373494,103.81084337349239
3,17,12,13423.7,14410.133333333333,986.4333333333325
4,29,6,15867.4,16007.166666666666,139.76666666666642
11,3,14,14735.2,14798.347457627118,63.14745762711755
11,18,21,18626.2,19137.710843373494,511.5108433734931
2,5,5,15617.7,14125.666666666666,1492.0333333333347
2,25,3,12920.5,12025.882352941177,894.6176470588234
9,26,4,12331.5,11734.843971631206,596.6560283687941
4,8,22,19149.3,17490.833333333332,1658.4666666666672
11,18,19,18094.7,19621.4,1526.7000000000007
3,14,14,15109.0,15453.477272727272,344.47727272727207
2,21,16,17211.5,17434.021978021978,222.5219780219777
6,27,3,13326.2,14021.794871794871,695.5948717948704
11,18,11,16451.1,16217.912133891214,233.18786610878487
2,24,8,17760.0,17950.355102040816,190.35510204081584
1,23,3,12559.2,12487.418604651162,71.78139534883849
2,12,13,18037.8,17745.153846153848,292.6461538461517
2,10,20,18429.2,19545.91489361702,1116.7148936170197
9,8,19,14990.2,15020.397003745318,30.197003745317488
5,4,22,19455.7,17022.166666666668,2433.533333333333
3,27,3,12484.7,12487.418604651162,2.718604651161513
1,25,5,15071.6,14720.263157894737,351.3368421052637
8,26,2,13586.7,13526.955223880597,59.74477611940347
8,5,21,18716.2,19137.710843373494,421.5108433734931
8,23,4,13731.0,12729.32142857143,1001.6785714285706
4,8,21,18560.4,19137.0,576.5999999999985
3,5,21,15419.8,16019.669144981413,599.8691449814141
10,3,17,17930.6,17868.212765957447,62.38723404255143
3,9,21,17996.3,18091.479452054795,95.17945205479555
3,26,14,18143.2,16984.169230769232,1159.0307692307688
1,26,4,14874.7,14720.263157894737,154.43684210526408
11,19,21,18265.7,17652.285714285714,613.414285714287
11,25,20,18129.3,19621.4,1492.1000000000022
3,14,11,17017.5,17950.355102040816,932.8551020408158
6,3,22,19835.8,17022.166666666668,2813.6333333333314
2,20,3,13132.4,15044.7,1912.300000000001
10,14,21,18412.6,18775.2,362.6000000000022
9,10,15,17370.3,18448.315789473683,1078.015789473684
1,10,2,14454.4,13692.0,762.3999999999996
12,24,14,18058.4,18012.0,46.400000000001455
3,23,3,12326.9,12487.418604651162,160.5186046511626
9,11,7,12946.1,12681.5,264.60000000000036
8,5,22,18942.5,17022.166666666668,1920.3333333333321
6,22,14,17014.9,17384.80769230769,369.90769230769
3,13,15,17308.6,17384.80769230769,76.20769230769292
8,25,16,16204.3,15620.109375,584.1906249999993
2,9,4,15748.5,14125.666666666666,1622.833333333334
2,8,2,13057.9,13334.333333333334,276.4333333333343
9,1,14,15224.7,14073.818181818182,1150.8818181818187
2,10,17,18625.1,19447.615384615383,822.5153846153844
2,23,21,17361.9,18091.479452054795,729.5794520547934
9,1,12,15087.0,14073.818181818182,1013.181818181818
3,21,15,12737.2,12967.0,229.79999999999927
6,30,21,15119.1,15779.638554216868,660.5385542168679
7,8,9,14903.2,14906.73417721519,3.5341772151896294
6,16,13,16553.6,17564.526315789473,1010.9263157894748
11,24,20,19089.1,19621.4,532.3000000000029
9,6,20,14187.5,15020.397003745318,832.8970037453182
4,25,2,12248.3,13037.777777777777,789.4777777777781
6,18,6,16033.3,14873.0,1160.2999999999993
10,2,17,17885.3,17868.212765957447,17.087234042552154
3,9,2,13116.9,12031.34429065744,1085.5557093425596
3,16,15,17207.0,17434.021978021978,227.0219780219777
11,19,7,13377.3,14360.5,983.2000000000007
4,27,9,12515.4,14092.6,1577.2000000000007
9,7,2,13040.6,13357.863636363636,317.26363636363567
10,18,19,14257.6,15020.397003745318,762.7970037453179
5,3,21,18813.8,18082.833333333332,730.9666666666672
2,4,14,17448.0,17950.355102040816,502.35510204081584
11,8,14,16389.8,15522.296296296296,867.5037037037036
7,17,12,15344.1,14798.347457627118,545.7525423728821
5,27,1,12089.4,13651.6,1562.2000000000007
8,7,16,14247.8,16078.056768558952,1830.256768558953
1,13,5,16266.5,14125.666666666666,2140.833333333334
2,25,3,12627.2,12402.2,225.0
8,28,2,13081.0,12729.32142857143,351.67857142857065
9,8,22,19220.4,17490.833333333332,1729.5666666666693
11,5,18,16500.2,15449.371308016878,1050.8286919831226
9,2,16,17704.2,17630.9,73.29999999999927
5,28,7,12931.9,13607.6,675.7000000000007
3,22,15,17142.3,17434.021978021978,291.72197802197843
8,7,17,16751.6,18769.821969696968,2018.2219696969696
10,1,17,17979.2,17630.9,348.2999999999993
10,10,20,17949.8,19165.30769230769,1215.5076923076922
8,26,4,12231.5,11057.707317073171,1173.792682926829
11,6,21,16134.7,16019.669144981413,115.03085501858732
9,22,4,15557.5,14910.094339622641,647.4056603773588
3,15,17,18774.0,18863.58064516129,89.58064516129161
11,5,13,16209.5,15570.037974683544,639.4620253164558
6,9,13,15319.6,14798.347457627118,521.2525423728821
10,3,15,15683.7,14991.155172413793,692.5448275862072
5,8,13,14817.5,14235.904761904761,581.5952380952385
9,9,21,19377.1,19137.710843373494,239.3891566265047
3,20,13,17346.7,17384.80769230769,38.10769230769074
10,1,16,18155.9,15834.0,2321.9000000000015
2,5,21,18478.8,19137.710843373494,658.9108433734946
7,18,12,13596.2,14906.73417721519,1310.5341772151896
9,2,16,17003.7,16469.655172413793,534.0448275862072
8,28,2,12279.5,12729.32142857143,449.82142857142935
11,18,12,13276.9,15779.666666666666,2502.7666666666664
11,3,12,14893.4,14798.347457627118,95.05254237288136
9,24,10,12706.5,14299.711111111112,1593.2111111111117
11,27,19,18950.1,20048.375,1098.2750000000015
2,13,17,18636.2,18863.58064516129,227.3806451612909
2,25,3,12969.0,12402.2,566.7999999999993
11,13,19,17135.9,17941.813636363637,805.9136363636353
6,24,13,13296.1,14299.711111111112,1003.6111111111113
3,6,20,18578.0,19621.4,1043.4000000000015
11,9,20,17910.4,18769.821969696968,859.4219696969667
9,9,20,14379.0,15020.397003745318,641.3970037453182
3,19,12,17653.5,17384.80769230769,268.69230769230853
11,20,3,12772.1,12517.85,254.25
7,14,12,15110.0,14655.470715835141,454.52928416485884
2,23,4,13027.5,12025.882352941177,1001.6176470588234
7,23,1,13210.0,14043.931034482759,833.9310344827591
6,9,19,18246.2,18664.904761904763,418.70476190476256
9,5,14,15989.3,16469.655172413793,480.3551724137942
3,18,15,17732.6,17384.80769230769,347.7923076923071
9,19,5,12630.5,12243.331460674157,387.1685393258431
1,9,3,15221.9,14024.75,1197.1499999999996
2,11,21,18662.7,19137.710843373494,475.0108433734931
11,26,14,17888.6,17189.76785714286,698.8321428571398
2,21,10,18303.8,17745.153846153848,558.6461538461517
3,4,12,16206.8,16217.912133891214,11.112133891214398
11,11,21,18495.1,19137.710843373494,642.6108433734953
2,7,5,16223.2,14125.666666666666,2097.5333333333347
8,27,3,12574.5,11296.307692307691,1278.1923076923085
3,6,14,17734.3,17408.929824561405,325.37017543859474
9,11,1,12691.7,13357.863636363636,666.1636363636353
11,17,21,18381.9,19137.710843373494,755.8108433734924
6,23,11,17295.0,17478.40740740741,183.40740740740875
8,22,21,16350.8,16019.669144981413,331.13085501858586
4,29,4,12667.0,12031.34429065744,635.6557093425599
10,2,14,14763.4,14798.347457627118,34.94745762711864
10,24,13,15767.0,16217.912133891214,450.91213389121367
7,29,3,14486.0,15044.7,558.7000000000007
9,9,21,17068.5,16812.8,255.70000000000073
9,5,16,16427.3,16469.655172413793,42.35517241379421
11,18,21,18391.6,17652.285714285714,739.3142857142848
8,28,3,12480.2,12031.34429065744,448.85570934256066
11,25,21,16860.8,17476.716417910447,615.9164179104482
1,24,4,12768.8,12487.418604651162,281.38139534883703
10,2,17,17663.7,15834.0,1829.7000000000007
10,3,7,14453.7,14676.90909090909,223.20909090908935
11,28,20,16461.8,17941.813636363637,1480.0136363636375
8,1,14,15297.2,16986.454545454544,1689.2545454545434
2,7,20,18111.0,19015.63888888889,904.6388888888905
9,17,3,12798.7,12729.32142857143,69.37857142857138
2,19,21,18386.9,19137.710843373494,750.8108433734924
2,9,21,18340.1,19132.555555555555,792.4555555555562
7,25,2,12233.2,12729.32142857143,496.1214285714286
3,25,2,12195.0,12729.32142857143,534.3214285714294
1,14,4,15904.5,14125.666666666666,1778.833333333334
11,13,21,18178.1,17652.285714285714,525.8142857142848
11,15,20,18277.0,19621.4,1344.4000000000015
6,19,11,16962.3,18121.492537313432,1159.1925373134327
9,1,17,17703.2,17868.212765957447,165.0127659574464
10,2,13,14923.4,14798.347457627118,125.05254237288136
2,14,4,16167.7,14125.666666666666,2042.0333333333347
6,29,3,13749.4,14614.304347826086,864.9043478260865
8,28,12,13593.1,14906.73417721519,1313.63417721519
5,24,19,13839.0,14340.75,501.75
6,26,7,16742.4,16513.85714285714,228.54285714286016
12,10,19,18970.0,19621.4,651.4000000000015
4,24,4,13000.9,12995.714285714286,5.185714285713402
2,12,14,16198.5,16976.50909090909,778.0090909090904
8,25,3,12798.1,12729.32142857143,68.77857142857101
8,25,4,12499.8,11296.307692307691,1203.4923076923078
2,12,10,18411.9,17950.355102040816,461.5448979591856
8,25,2,12279.1,12729.32142857143,450.221428571429
5,21,10,12787.1,14410.133333333333,1623.0333333333328
8,6,22,18689.4,17022.166666666668,1667.2333333333336
6,29,1,13481.5,14031.57142857143,550.0714285714294
9,8,20,16714.3,16516.50342935528,197.79657064471758
11,17,11,16319.9,16217.912133891214,101.98786610878597
11,3,15,15004.3,14798.347457627118,205.952542372881
4,19,10,12918.4,13608.672131147541,690.2721311475416
3,23,3,13107.3,12189.076923076924,918.2230769230755
3,22,19,14790.8,16169.111111111111,1378.311111111112
11,21,20,18799.5,19621.4,821.9000000000015
6,26,12,14194.2,14209.5,15.299999999999272
9,9,21,16096.2,16019.669144981413,76.53085501858732
6,27,12,17007.9,16363.222222222223,644.6777777777788
8,1,15,16411.2,15620.257142857143,790.942857142858
10,2,16,18167.2,15834.0,2333.2000000000007
8,18,13,15509.3,16527.25,1017.9500000000007
8,28,3,12822.1,11296.307692307691,1525.792307692309
8,1,15,16153.9,14451.315151515151,1702.5848484848484
8,27,1,12464.8,13519.0,1054.2000000000007
6,24,11,15067.7,14798.347457627118,269.35254237288245
9,21,4,13956.7,13194.194805194806,762.5051948051951
5,10,10,16659.9,14837.6,1822.300000000001
11,28,19,18805.1,19197.62962962963,392.52962962963284
12,13,10,16190.8,17189.76785714286,998.9678571428594
9,15,21,16657.9,16400.768707482992,257.13129251700957
12,6,21,17762.5,17919.962962962964,157.4629629629635
5,23,5,12743.7,14357.153846153846,1613.453846153845
10,15,15,18482.8,17594.235294117647,888.5647058823524
7,28,3,13127.6,13696.25,568.6499999999996
6,28,6,16131.1,14873.0,1258.1000000000004
9,1,18,17525.6,15449.371308016878,2076.2286919831204
4,4,21,17249.0,18091.479452054795,842.4794520547948
2,12,21,18603.4,19137.710843373494,534.3108433734924
6,15,13,14681.0,14655.470715835141,25.529284164858836
5,4,14,15126.7,14991.155172413793,135.54482758620725
2,4,22,18412.8,18280.777777777777,132.0222222222219
9,9,20,18045.0,19621.4,1576.4000000000015
4,16,12,13324.6,14209.5,884.8999999999996
7,27,3,13337.2,13696.25,359.0499999999993
6,16,14,16316.0,16991.006134969324,675.0061349693242
2,17,21,17270.4,18005.78947368421,735.3894736842085
5,6,18,13513.2,15020.397003745318,1507.1970037453175
2,28,7,13104.1,12233.0,871.1000000000004
6,27,12,16096.3,17531.516666666666,1435.2166666666672
9,20,7,13224.9,14672.526315789473,1447.6263157894737
4,21,14,14139.3,14507.633333333333,368.33333333333394
2,14,22,18849.2,17857.333333333332,991.8666666666686
9,2,16,17202.7,16469.655172413793,733.0448275862072
10,1,12,15261.7,14991.155172413793,270.54482758620725
3,22,15,17044.4,17434.021978021978,389.62197802197625
8,20,14,15587.4,14991.155172413793,596.2448275862062
3,9,13,16847.9,16752.77142857143,95.1285714285732
9,2,17,16567.0,15449.371308016878,1117.6286919831218
9,7,12,13632.3,14507.633333333333,875.3333333333339
6,30,2,13664.3,14360.5,696.2000000000007
10,6,21,16596.5,16019.669144981413,576.8308550185866
12,17,16,17676.7,17189.76785714286,486.932142857142
4,27,2,12751.6,12031.34429065744,720.2557093425603
11,3,15,15554.3,15570.037974683544,15.737974683544962
2,9,14,17647.7,17384.80769230769,262.89230769230926
7,25,2,12808.9,12995.714285714286,186.8142857142866
4,3,22,19028.6,17022.166666666668,2006.4333333333307
10,2,16,17140.8,16469.655172413793,671.1448275862058
2,12,14,17959.4,17215.875,743.5250000000015
6,10,14,15573.3,15620.109375,46.80937500000073
3,19,15,17077.7,17434.021978021978,356.321978021977
12,18,12,17034.3,17189.76785714286,155.46785714285943
8,18,7,12559.0,12358.07142857143,200.92857142857065
6,28,1,12179.3,12791.1,611.8000000000011
4,21,14,13653.9,13608.672131147541,45.227868852458414
11,25,20,18131.2,19621.4,1490.2000000000007
2,26,4,15179.5,14720.263157894737,459.23684210526335
2,23,3,12687.0,12402.2,284.7999999999993
8,22,7,13724.2,13607.6,116.60000000000036
3,21,15,17362.9,16546.571428571428,816.3285714285739
10,3,17,17519.9,17630.9,111.0
2,19,10,17754.2,17950.355102040816,196.1551020408151
11,28,20,18603.9,19621.4,1017.5
7,27,1,12576.0,13519.0,943.0
3,6,14,17131.6,16217.912133891214,913.6878661087849
6,13,15,13596.4,14299.711111111112,703.311111111112
12,25,13,17925.4,18012.0,86.59999999999854
12,19,9,16012.4,15612.222222222223,400.177777777777
3,11,17,18091.5,18863.58064516129,772.0806451612916
11,16,12,16346.3,17472.94680851064,1126.646808510639
8,21,8,13147.9,14215.333333333334,1067.4333333333343
2,22,6,15258.8,15335.857142857143,77.05714285714384
1,10,4,15017.3,14125.666666666666,891.6333333333332
11,9,16,17765.6,17189.76785714286,575.8321428571398
2,24,17,18184.7,18863.58064516129,678.8806451612909
5,12,9,15221.0,14655.470715835141,565.5292841648588
6,27,2,13608.4,15008.8,1400.3999999999996
10,7,21,16406.3,16019.669144981413,386.63085501858586
2,14,12,17708.1,17384.80769230769,323.2923076923071
9,19,5,13108.0,12243.331460674157,864.6685393258431
10,3,17,17520.0,17630.9,110.90000000000146
4,26,2,12740.0,12031.34429065744,708.6557093425599
8,25,3,16537.2,14910.094339622641,1627.1056603773595
9,24,3,12428.2,11810.191780821919,618.0082191780821
9,2,16,17012.7,16469.655172413793,543.0448275862072
5,12,14,15809.1,17196.222222222223,1387.1222222222223
10,19,10,13038.3,14299.711111111112,1261.4111111111124
4,25,3,12975.2,12031.34429065744,943.8557093425607
9,10,4,14664.6,14785.0,120.39999999999964
8,16,1,13321.0,12731.635416666666,589.3645833333339
4,25,2,11960.9,12025.882352941177,64.98235294117694
11,24,20,18455.6,19621.4,1165.800000000003
11,27,20,18156.9,19621.4,1464.5
4,27,3,12737.7,12031.34429065744,706.3557093425607
7,12,18,13609.0,15020.397003745318,1411.3970037453182
6,22,16,17555.3,17384.80769230769,170.4923076923078
10,5,21,16166.4,16019.669144981413,146.73085501858623
9,1,13,15393.7,15587.259493670887,193.5594936708858
1,18,4,15153.1,14816.470588235294,336.6294117647067
7,24,2,12366.9,12995.714285714286,628.8142857142866
5,28,18,14940.4,15027.029702970298,86.62970297029824
10,6,15,15228.9,14467.16037735849,761.7396226415094
4,11,11,16177.6,16217.912133891214,40.31213389121331
9,14,4,14271.9,14785.0,513.1000000000004
11,9,14,17157.7,17189.76785714286,32.067857142857974
8,30,9,13783.1,14906.73417721519,1123.63417721519
10,2,15,14809.8,14798.347457627118,11.452542372880998
2,10,17,18627.4,19447.615384615383,820.2153846153815
10,2,14,14851.2,14798.347457627118,52.85254237288245
8,7,21,16141.0,16019.669144981413,121.33085501858659
2,21,4,16306.4,14934.222222222223,1372.177777777777
